Tool,Home,Description,Collection,Topics,Functions,Input (type),Input (format),Output (type),Output (format),Reference,Docs,Terms of use,Helpdesk,Contact,Owner (GTL),Cluster,Tool Group,Maturity
_,_,_,_is collection OK?,_are topic(s) OK?  Add missing topics (try to list 3 most imporant topics),_are function(s) OK?  Add missing functions. ,_are types OK?,_,_are types OK?,_,,_,_,_,_,_,_,,
_text,_URL,_text,_text,_EDAM Topic term & ID (http://edamontology.org/topic_0003),_EDAM Operation term & ID (http://edamontology.org/operation_0004),_EDAM Data term & ID (http://edamontology.org/data_0006),_EDAM Format term & ID (http://edamontology.org/format_0006),_EDAM Data term & ID (http://edamontology.org/data_0006),_EDAM Format term & ID (http://edamontology.org/format_0006),_text and/or PMCID/DOI,_URL,_URL,_email or URL,_name and email,_text,_text,,
_tool name,_homepage,_concise scientific / technical description ,_informal tool group(s).  Used for browsing. Collections should have >2 tools! ,_relevant biological topics (scientific domains).  ,_primary function(s),_ primary input(s) : type of data,_supported input formats,_ primary output(s) : type of data,_supported output formats,_publication defining tool / algorithm,_documentation page,_link to license text or terms of use,_primary public contact point,_contact person (for EBI internal use) ,"_name of GTL ""owner"" of the tool",_EBI functional cluster the tool belongs to,,
1000Genomes assembly converter,http://browser.1000genomes.org/tools.html,Map your data to the current assembly,EBI Tools|Ensembl Tools,Nucleic acids (topic_0077)|NGS (topic_3168),Read mapping (operation_3198),Genomic features (data_1276),GFF (format_2305)|GTF (format_2306)|BED (format_3003)|PSL (format_3007),Genomic features (data_1276),GFF (format_2305),unpublished,http://browser.1000genomes.org/tools.html,http://www.ebi.ac.uk/about/terms-of-use,info@1000genomes.org,Ensembl Genomes webteam (eg-webteam@ebi.ac.uk),Andy Yates,GGV,B,Established
1000Genomes data slicer,http://browser.1000genomes.org/tools.html,Get a subset of data from a BAM or VCF file,EBI Tools|Ensembl Tools,Data management (topic_3071)|NGS (topic_3168)|Nucleic acids (topic_0077),Sequence file editing (operation_2121),Sequence coordinates (data_2012),BAM (format_2572)|VCF (format_3016),Sequence coordinates (data_2012),BAM (format_2572)|VCF (format_3016),PMID:22543379,http://browser.1000genomes.org/tools.html,http://www.ebi.ac.uk/about/terms-of-use,helpdesk@ensemblgenomes.org,Ensembl Genomes webteam (eg-webteam@ebi.ac.uk),Andy Yates,GGV,B,Established
1000Genomes ID history converter,http://browser.1000genomes.org/tools.html,Convert a set of Ensembl IDs from a previous release into their current equivalents,EBI Tools|Ensembl Tools,Data identity and mapping (topic_3345),ID mapping (operation_3282),Ensembl IDs (data_2610),Textual format (format_2330),Ensembl IDs (data_2610),Textual format (format_2330),unpublished,http://browser.1000genomes.org/tools.html,http://www.ebi.ac.uk/about/terms-of-use,info@1000genomes.org,Ensembl Genomes webteam (eg-webteam@ebi.ac.uk),Andy Yates,GGV,B,Established
1000Genomes Variation Pattern Finder,http://browser.1000genomes.org/tools.html,Identify variation patterns in a chromosomal region of interest for different individuals,EBI Tools|Ensembl Tools,Genetic variation (topic_0199)|Nucleic acids (topic_0077)|NGS (topic_3168),Variant pattern analysis (operation_3504),Sequence variations (data_3498),VCF (format_3016)| Sample data,Report (date_2048),CSV (format_3475)|xls (format_3468)|HTML (format_2331),unpublished,http://browser.1000genomes.org/tools.html,http://www.ebi.ac.uk/about/terms-of-use,info@1000genomes.org,Ensembl Genomes webteam (eg-webteam@ebi.ac.uk),Andy Yates,GGV,B,Established
1000Genomes VCF2PED,http://browser.1000genomes.org/tools.html,"Allows users to convert a VCF file into a linkage pedigree file (ped) and a marker information file, which together may be loaded into ld visualization tools like Haploview",EBI Tools|Ensembl Tools,Genetic variation (topic_0199)|Nucleic acids (topic_0077)|Data management (topic_3071)|NGS (topic_3168),File format conversion (operation_0335),Sequence variations (data_3498),VCF (format_3016),Sequence variations (data_3498),PED (format_3286),unpublished,http://browser.1000genomes.org/tools.html,http://www.ebi.ac.uk/about/terms-of-use,info@1000genomes.org,Ensembl Genomes webteam (eg-webteam@ebi.ac.uk),Andy Yates,GGV,B,Established
1000Genomes VEP,http://browser.1000genomes.org/tools.html,Upload a set of variants in our standard format and export a file containing consequence types,EBI Tools|Ensembl Tools,Genetic variation (topic_0199)|Nucleic acids (topic_0077)|NGS (topic_3168),Variant classification (operation_3225),Sequence variations (data_3498),Ensembl variation file format (format_3499)|VCF (format_3016),Report (data_2048),Textual format (format_2330)|HTML (format_2331),PMID:20562413,http://browser.1000genomes.org/tools.html,http://www.ebi.ac.uk/about/terms-of-use,info@1000genomes.org,Ensembl Genomes webteam (eg-webteam@ebi.ac.uk),Andy Yates,GGV,B,Established
Assembly converter,http://www.ensembl.org/Multi/Tools/AssemblyConverter,Map your data to the current assembly. Based on the CrossMap tool,EBI tools|Ensembl Tools,Nucleic acids (topic_0077)|NGS (topic_3168),Read mapping (operation_3198),Genomic features (data_1276),GFF (format_2305)|GTF (format_2306)|BED (format_3003)|PSL (format_3007)|VCF (format_3016)|Wig,Genomic features (data_1276),GFF (format_2305)|GTF (format_2306)|BED (format_3003)|PSL (format_3007)|VCF (format_3016)|Wig,PMID:25352552,http://www.ensembl.org/Help/View?id=559,http://www.ebi.ac.uk/about/terms-of-use,http://www.ensembl.org/Help/Contact,Andrew Yates (ayates@ebi.ac.uk),Andy Yates,GGV,B,Established
BiNChE ,http://www.ebi.ac.uk/chebi/tools/binche/,Chemical class enrichment analysis based on the ChEBI ontology,EBI Tools|ChEBI Tools,Cheminformatics (topic_2258)|Ontology and terminology (topic_0089),Chemical class enrichment (operation_3502),ChEBI IDs (data_1174),,Small molecule report (data_0962)|Network(data_2600),,PMID:25879798,http://www.ebi.ac.uk/chebi/aboutChebiForward.do,http://www.ebi.ac.uk/about/terms-of-use,chebi-help@ebi.ac.uk,Venkat,Christoph Steinbeck,Chemistry and Molecular Resources Cluster,B,Established
BioModels Database Converters,http://www.ebi.ac.uk/compneur-srv/converters/converters,"Set of converters between various modelling formats, there are also some available online to be used directly",EBI Tools,Data management (topic_3071)|Systems biology (topic_2259),File format conversion (operation_0335),Mathematical model (data_0950),SBML(format_2585)|CellML (format_3240)|BioPAX (format_3156),Mathematical model (data_0950),SBML(format_2585)|CellML (format_3240)|BioPAX (format_3156),unpublished,http://www.ebi.ac.uk/compneur-srv/sbml/converters/,http://www.ebi.ac.uk/about/terms-of-use,biomodels-net-support@lists.sf.net,Nicolas Rodriguez,Henning Hermjakob,Molecular Systems,B,Established
Bubastis,http://www.ebi.ac.uk/efo/bubastis/,"Bubastis is an ontology change tool which is able to analyse two ontologies (typically two versions of the same ontology) to highlight logical changes which have occurred and to present these changes in more or less detail, as required",EBI Tools|Parkinson Tools,Ontology and terminology (topic_0089)|Data management (topic_3071),Ontology comparison (operation_3353),Ontologies (data_0582),,Ontology metadata (data_2223),,unpublished,http://www.ebi.ac.uk/fgpt/sw/bubstatis/,http://www.apache.org/licenses/LICENSE-2.0,http://www.ebi.ac.uk/support/,Tony Burdett (tburdett@ebi.ac.uk),Helen Parkinson,Cross-domain,B,Established
ChEMBL Biologicals BLAST Search,https://www.ebi.ac.uk/chembl/compound,BLAST search against biological molecules (e.g. mAbs) stored in ChEMBL database,EBI Tools|ChEMBL Tools,Sequence analysis (topic_0080)|Drug discovery (topic_3336)|Cheminformatics (topic_2258),Sequence similarity search (operation_0346),Protein sequence (data_2976),FASTA (format_1929),Chemical structure report (data_0962),,PMID:2231712,https://www.ebi.ac.uk/chembl/compound,http://www.ebi.ac.uk/about/terms-of-use,chembl-help@ebi.ac.uk,Michal Nowotka (mnowotka@ebi.ac.uk),Anne Hersey,Chemistry,B,Established
ChEMBL BLAST Search,https://www.ebi.ac.uk/chembl/target,BLAST search against protein targets stored in ChEMBL database,EBI Tools|ChEMBL Tools,Sequence analysis (topic_0080)|Cheminformatics (topic_2258),Sequence similarity search (operation_0346),Protein sequence (data_2976),FASTA (format_1929),Chemical structure report (data_0962),,PMID:2231712,https://www.ebi.ac.uk/chembl/target,http://www.ebi.ac.uk/about/terms-of-use,chembl-help@ebi.ac.uk,Michal Nowotka (mnowotka@ebi.ac.uk),Anne Hersey,Chemistry,B,Established
ChEMBL NTD Small Molecule Search,https://www.ebi.ac.uk/chemblntd/compound/structure_home,Search against small molecules stored in ChEMBL NTD database,EBI Tools|ChEMBL Tools,Cheminformatics (topic_2258),Structure databases search (operation_0339),Chemical structure sketch (data_3490),,Chemical structure report (data_0962),,PMID:23694746,https://www.ebi.ac.uk/chembl/NTD,http://www.ebi.ac.uk/about/terms-of-use,chembl-help@ebi.ac.uk,Michal Nowotka (mnowotka@ebi.ac.uk),Anne Hersey,Chemistry,B,Established
ChEMBL Small Molecule Search,https://www.ebi.ac.uk/chembl/compound,Search against small molecules stored in ChEMBL database,EBI Tools|ChEMBL Tools,Cheminformatics (topic_2258),Structure databases search (operation_0339),Chemical structure sketch (data_3490),,Chemical structure report (data_0962),,PMID:23694746,https://www.ebi.ac.uk/chembl/compound,http://www.ebi.ac.uk/about/terms-of-use,chembl-help@ebi.ac.uk,Michal Nowotka (mnowotka@ebi.ac.uk),Anne Hersey,Chemistry,B,Established
Chimira,http://www.ebi.ac.uk/enright-srv/chimira/,"A web-based engine for small RNA sequence analysis, quantitation and variant calling.",,"Functional, regulatory and non-coding RNA (topic_0659)",,,,,,PMID:26093149,,,,,Anton Enright,R,C,Young
Clustal Omega,http://www.ebi.ac.uk/Tools/msa/clustalo/,Multiple sequence alignment using  guide trees and HMM profile-profile techniques,EBI Tools,Sequence analysis (topic_0080)|Proteins (topic_0078)|Nucleic acids (topic_0077),Multiple sequence alignment (operation_0492),Sequences (data_2044),,Sequence alignment (data_0863),,PMID:21988835,http://www.ebi.ac.uk/Tools/msa/clustalo/,http://www.ebi.ac.uk/about/terms-of-use,http://www.ebi.ac.uk/support/,Web Production (es-request@ebi.ac.uk),Tools Committee,T,A,Established
ClustalW2 Phylogeny,http://www.ebi.ac.uk/Tools/phylogeny/clustalw2_phylogeny/,Phylogenetic tree generation from an alignment using neighbor-joining or UPGMA,EBI Tools,Phylogeny (topic_0084)Proteins (topic_0078)|Nucleic acids (topic_0077),Phylogenetic tree generation (operation_0323),Sequence alignment (data_0863),,Phylogenetic tree (data_0872),,,http://www.ebi.ac.uk/Tools/phylogeny/clustalw2_phylogeny/,http://www.ebi.ac.uk/about/terms-of-use,http://www.ebi.ac.uk/support/,Web Production (es-request@ebi.ac.uk),Tools Committee,T,A,Established
CSS,http://www.ebi.ac.uk/thornton-srv/databases/CSS_NEW,Searches a protein structure for likely catalytic sites,EBI Tools|Thornton Tools,"Protein structure analysis (topic_2814)|Protein sites, features and motifs"" (topic_3510)|Proteins (topic_0078)|Enzymes (topic_0821)",Protein binding site prediction (from structure) (operation_0388),Protein structure (data_1460),PDB (format_1476),Protein structure report (data_1537)|Protein features (data_1277)|Protein structure image (data_2992),,PMID:24319146,http://www.ebi.ac.uk/thornton-srv/databases/CSS_NEW/help.php,http://www.ebi.ac.uk/about/terms-of-use,nickf@ebi.ac.uk,Nick Furnham (nickf@ebi.ac.uk),Janet Thornton,R,C,Retiring
DrugEBIlity BLAST Search,https://www.ebi.ac.uk/chembl/drugebility/blast,BLAST search against structural domains stored in DrugEBIlity database,EBI Tools|ChEMBL Tools,Sequence analysis (topic_0080)|Drug discovery (topic_3336)|Cheminformatics (topic_2258)|Protein interactions (topic_0128),Sequence similarity search (operation_0346),Protein sequence (data_2976),FASTA (format_1929),Protein-drug interaction report (data_2402),,PMID:2231712,https://www.ebi.ac.uk/chembl/drugebility/blast,http://www.ebi.ac.uk/about/terms-of-use,chembl-help@ebi.ac.uk,Michal Nowotka (mnowotka@ebi.ac.uk),Anne Hersey,Chemistry,B,Established
EMBOSS backtranambig,http://www.ebi.ac.uk/Tools/st/emboss_backtranambig/,Back-translate a protein sequence to ambiguous nucleotide sequence,EBI Tools|EMBOSS at EBI Tools,Sequence analysis (topic_0080)|Proteins (topic_0078),DNA back-translation (operation_2510),Protein sequence (data_2976),,Nucleic acid sequence (data_2977),,PMID:10827456,http://www.ebi.ac.uk/Tools/st/emboss_backtranambig/,http://www.ebi.ac.uk/about/terms-of-use,http://www.ebi.ac.uk/support/,Web Production (es-request@ebi.ac.uk),Tools Committee,T,A,Established
EMBOSS backtranseq,http://www.ebi.ac.uk/Tools/st/emboss_backtranseq/,"Back-translate a protein sequence to a nucleotide sequence, using codon frequency",EBI Tools|EMBOSS at EBI Tools,Sequence analysis (topic_0080)|Proteins (topic_0078),DNA back-translation (operation_2510),Protein sequence (data_2976),,Nucleic acid sequence (data_2977),,PMID:10827456,http://www.ebi.ac.uk/Tools/st/emboss_backtranseq/,http://www.ebi.ac.uk/about/terms-of-use,http://www.ebi.ac.uk/support/,Web Production (es-request@ebi.ac.uk),Tools Committee,T,A,Established
EMBOSS cpgplot,http://www.ebi.ac.uk/Tools/seqstats/emboss_cpgplot/,Identification of potential CpG islands,EBI Tools|EMBOSS at EBI Tools,"Nucleic acid sites, features and motifs (topic_3511)|Nucleic acids (topic_0077)",CpG island and isochore detection (operation_0430),Nucleic acid sequence (data_2977),,Nucleic acid features (data_1276),,PMID:10827456,http://www.ebi.ac.uk/Tools/seqstats/emboss_cpgplot/,http://www.ebi.ac.uk/about/terms-of-use,http://www.ebi.ac.uk/support/,Web Production (es-request@ebi.ac.uk),Tools Committee,T,A,Established
EMBOSS isochore,http://www.ebi.ac.uk/Tools/seqstats/emboss_isochore/,Plot potential isochore features,EBI Tools,"Nucleic acid sites, features and motifs (topic_3511)|Nucleic acids (topic_0077)",CpG island and isochore detection (operation_0430),Nucleic acid sequence (data_2977),,Nucleic acid features (data_1276),,PMID:10827456,http://www.ebi.ac.uk/Tools/seqstats/emboss_isochore/,http://www.ebi.ac.uk/about/terms-of-use,http://www.ebi.ac.uk/support/,Web Production (es-request@ebi.ac.uk),Tools Committee,T,A,Established
EMBOSS matcher,http://www.ebi.ac.uk/Tools/psa/emboss_matcher/,Waterman-Eggert local alignment of two sequences,EBI Tools|EMBOSS at EBI Tools,Sequence analysis (topic_0080)|Proteins (topic_0078)|Nucleic acids (topic_0077),Pairwise sequence alignment (operation_0491)|Local sequence alignment (operation_0495),Sequences (data_2044),,Sequence alignment (protein pair) (data_1387),,PMID:10827456,http://www.ebi.ac.uk/Tools/psa/emboss_matcher/,http://www.ebi.ac.uk/about/terms-of-use,http://www.ebi.ac.uk/support/,Web Production (es-request@ebi.ac.uk),Tools Committee,T,A,Established
EMBOSS needle,http://www.ebi.ac.uk/Tools/psa/emboss_needle/,Needleman-Wunsch global alignment of two sequences,EBI Tools|EMBOSS at EBI Tools,Sequence analysis (topic_0080)|Proteins (topic_0078)|Nucleic acids (topic_0077),Pairwise sequence alignment (operation_0491)|Global sequence alignment (operation_0496),Sequences (data_2044),,Sequence alignment (pair) (data_1381),,PMID:10827456,http://www.ebi.ac.uk/Tools/psa/emboss_needle/,http://www.ebi.ac.uk/about/terms-of-use,http://www.ebi.ac.uk/support/,Web Production (es-request@ebi.ac.uk),Tools Committee,T,A,Established
EMBOSS newcpgreport,http://www.ebi.ac.uk/Tools/seqstats/emboss_newcpgreport/,Identification of potential CpG islands,EBI Tools,"Nucleic acid sites, features and motifs (topic_3511)|Nucleic acids (topic_0077)",CpG island and isochore detection (operation_0430),Nucleic acid sequence (data_2977),,Nucleic acid features (data_1276),,PMID:10827456,http://www.ebi.ac.uk/Tools/seqstats/emboss_newcpgreport/,http://www.ebi.ac.uk/about/terms-of-use,http://www.ebi.ac.uk/support/,Web Production (es-request@ebi.ac.uk),Tools Committee,T,A,Established
EMBOSS pepinfo,http://www.ebi.ac.uk/Tools/seqstats/emboss_pepinfo/,Plot amino acid properties of a protein sequence in parallel,EBI Tools|EMBOSS at EBI Tools,Protein properties (topic_0123)|Proteins (topic_0078),Protein property calculation (operation_0250),Protein sequence (data_2976),,Protein properties (data_0897),,PMID:10827456 ,http://www.ebi.ac.uk/Tools/seqstats/emboss_pepinfo/,http://www.ebi.ac.uk/about/terms-of-use,http://www.ebi.ac.uk/support/,Web Production (es-request@ebi.ac.uk),Tools Committee,T,A,Established
EMBOSS pepstats,http://www.ebi.ac.uk/Tools/seqstats/emboss_pepstats/,Calculate statistics of protein properties,EBI Tools|EMBOSS at EBI Tools,Protein properties (topic_0123)|Proteins (topic_0078),Protein property calculation (operation_0250),Protein sequence (data_2976),,Protein properties (data_0897),,PMID:10827456 ,http://www.ebi.ac.uk/Tools/seqstats/emboss_pepstats/,http://www.ebi.ac.uk/about/terms-of-use,http://www.ebi.ac.uk/support/,Web Production (es-request@ebi.ac.uk),Tools Committee,T,A,Established
EMBOSS pepwindow,http://www.ebi.ac.uk/Tools/seqstats/emboss_pepwindow/,Draw a hydropathy plot for a protein sequence,EBI Tools|EMBOSS at EBI Tools,Protein properties (topic_0123)|Proteins (topic_0078),Protein hydropathy calculation (operation_2574),Protein sequence (data_2976),,Protein sequence hydropathy plot (data_1522),,PMID:10827456 ,http://www.ebi.ac.uk/Tools/seqstats/emboss_pepwindow/,http://www.ebi.ac.uk/about/terms-of-use,http://www.ebi.ac.uk/support/,Web Production (es-request@ebi.ac.uk),Tools Committee,T,A,Established
EMBOSS seqret,http://www.ebi.ac.uk/Tools/sfc/emboss_seqret/,Sequence format conversion tool,EBI Tools|EMBOSS at EBI Tools,Sequence analysis (topic_0080)|Nucleic acids (topic_0077),Sequence formatting (operation_0561),Sequences (data_2044)|Sequence alignment (data_0863),,Sequences (data_2044)|Sequence alignment (data_0863),,PMID:10827456,http://www.ebi.ac.uk/Tools/sfc/emboss_seqret/,http://www.ebi.ac.uk/about/terms-of-use,http://www.ebi.ac.uk/support/,Web Production (es-request@ebi.ac.uk),Tools Committee,T,A,Established
EMBOSS sixpack,http://www.ebi.ac.uk/Tools/st/emboss_sixpack/,"Six frame nucleotide sequence translation, with ORF finding",EBI Tools|EMBOSS at EBI Tools,Sequence analysis (topic_0080)|Nucleic acids (topic_0077),DNA translation (operation_0371)|ORF prediction (operation_0436),Nucleic acid sequence (data_2977),,Protein sequences (data_2976),,PMID:10827456,http://www.ebi.ac.uk/Tools/st/emboss_sixpack/,http://www.ebi.ac.uk/about/terms-of-use,http://www.ebi.ac.uk/support/,Web Production (es-request@ebi.ac.uk),Tools Committee,T,A,Established
EMBOSS stretcher,http://www.ebi.ac.uk/Tools/psa/emboss_stretcher/,Improved version of the Needleman-Wunsch algorithm that allows rapid global alignment of two larger sequences,EBI Tools|EMBOSS at EBI Tools,Sequence analysis (topic_0080)|Proteins (topic_0078)|Nucleic acids (topic_0077),Pairwise sequence alignment (operation_0491)|Global sequence alignment (operation_0496),Sequences (data_2044),,Sequence alignment (pair) (data_1381),,PMID:10827456,http://www.ebi.ac.uk/Tools/psa/emboss_stretcher/,http://www.ebi.ac.uk/about/terms-of-use,http://www.ebi.ac.uk/support/,Web Production (es-request@ebi.ac.uk),Tools Committee,T,A,Established
EMBOSS transeq,http://www.ebi.ac.uk/Tools/st/emboss_transeq/,Nucleotide sequence translation in selected frames,EBI Tools|EMBOSS at EBI Tools,Sequence analysis (topic_0080)|Nucleic acids (topic_0077),DNA translation (operation_0371),Nucleic acid sequence (data_2977),,Protein sequences (data_2976),,PMID:10827456,http://www.ebi.ac.uk/Tools/st/emboss_transeq/,http://www.ebi.ac.uk/about/terms-of-use,http://www.ebi.ac.uk/support/,Web Production (es-request@ebi.ac.uk),Tools Committee,T,A,Established
EMBOSS water,http://www.ebi.ac.uk/Tools/psa/emboss_water/,Smith-Waterman local pairwise alignment of sequences,EBI Tools|EMBOSS at EBI Tools,Sequence analysis (topic_0080)|Proteins (topic_0078)|Nucleic acids (topic_0077),Pairwise sequence alignment (operation_0491)|Local sequence alignment (operation_0495),Sequences (data_2044),,Sequence alignment (pair) (data_1381),,PMID:10827456,http://www.ebi.ac.uk/Tools/psa/emboss_water/,http://www.ebi.ac.uk/about/terms-of-use,http://www.ebi.ac.uk/support/,Web Production (es-request@ebi.ac.uk),Tools Committee,T,A,Established
ENA sequence search,http://www.ebi.ac.uk/ena/data/sequence/search,Sequence similarity search to retrieve sequence and associated records from ENA,EBI Tools|ENA Tools,Sequence analysis (topic_0080)|Nucleic acids (topic_0077)|Proteins (topic_0078),Sequence similarity search (operation_0346),Sequence (data_2044),"EMBL format (format_1927), FASTA (format_1929), completely unambiguous pure (format_2567)",Sequence search results (data_0857),"output is provided by EBI's central BLAST search service, so shares all output formats with this service",unpublished,http://www.ebi.ac.uk/ena/browse/sequence-search,http://www.ebi.ac.uk/about/terms-of-use,datasubs@ebi.ac.uk.,Cochrane team (datasubs@ebi.ac.uk),Guy Cochrane,GGV,B,Established
Ensembl Genomes Bacteria Blast,http://bacteria.ensembl.org/Multi/blastview,Searches Ensembl Bacteria sequences using NCBI-BLAST,EBI Tools|Ensembl Tools,Sequence analysis (topic_0080)|Nucleic acids (topic_0077)|Proteins (topic_0078),Sequence similarity search (operation_0346),Sequences (data_2044),FASTA (format_1929),Sequence alignment (data_0863)|Sequence search results (data_0857), ,PMID:26578574,http://bacteria.ensembl.org/info/website/help/index.html,http://www.ebi.ac.uk/about/terms-of-use,helpdesk@ensemblgenomes.org,Ensembl team (eg-webteam@ebi.ac.uk),Paul Kersey,GGV,B,Established
Ensembl Genomes Bacteria ID history converter,http://bacteria.ensembl.org/tools.html,Convert a set of Ensembl IDs from a previous release into their current equivalents,EBI Tools|Ensembl Tools,Data identity and mapping (topic_3345),ID mapping (operation_3282),Ensembl IDs (data_2610), ,Ensembl IDs (data_2610), ,PMID:26553810,http://bacteria.ensembl.org/info/website/help/index.html,http://www.ebi.ac.uk/about/terms-of-use,helpdesk@ensemblgenomes.org,Ensembl Genomes webteam (eg-webteam@ebi.ac.uk),Paul Kersey,GGV,B,Established
Ensembl Genomes Bacteria sequence search,http://bacteria.ensembl.org/Multi/enasearch,Searches Ensembl Bacteria sequences using Exonerate,EBI Tools|Ensembl Tools,Sequence analysis (topic_0080)|Nucleic acids (topic_0077)|Proteins (topic_0078),Sequence similarity search (operation_0346),Sequences (data_2044),FASTA (format_1929),Sequence alignment (data_0863)|Sequence search results (data_0857), ,PMID:26578600,http://bacteria.ensembl.org/info/website/help/index.html,http://www.ebi.ac.uk/about/terms-of-use,helpdesk@ensemblgenomes.org,Ensembl Genomes webteam (eg-webteam@ebi.ac.uk),Paul Kersey,GGV,B,Established
Ensembl Genomes Bacteria VEP,http://bacteria.ensembl.org/tools.html,Upload a set of SNPs in our standard format and export a file containing consequence types,EBI Tools|Ensembl Tools,Genetic variation (topic_0199)|Nucleic acids (topic_0077)|NGS (topic_3168),Variant classification (operation_3225),Sequence variations (data_3498),Ensembl variation file format (format_3499)|VCF (format_3016),Report (data_2048),Textual format (format_2330)|HTML (format_2331),PMID:26578560,http://bacteria.ensembl.org/info/website/help/index.html,http://www.ebi.ac.uk/about/terms-of-use,helpdesk@ensemblgenomes.org,Ensembl Genomes webteam (eg-webteam@ebi.ac.uk),Paul Kersey,GGV,B,Established
Ensembl Genomes Fungi assembly converter,http://fungi.ensembl.org/tools.html,Map your data to the current assembly,EBI Tools|Ensembl Tools,Nucleic acids (topic_0077)|NGS (topic_3168),Read mapping (operation_3198),Genomic features (data_1276),GFF (format_2305)|GTF (format_2306)|BED (format_3003)|PSL (format_3007), ,GFF (format_2305),PMID:26578567,http://fungi.ensembl.org/info/website/help/index.html,http://www.ebi.ac.uk/about/terms-of-use,helpdesk@ensemblgenomes.org,Ensembl Genomes webteam (eg-webteam@ebi.ac.uk),Paul Kersey,GGV,B,Established
Ensembl Genomes Fungi Blast,http://fungi.ensembl.org/Multi/blastview,Searches Ensembl Fungi sequences using BLAST,EBI Tools|Ensembl Tools,Sequence analysis (topic_0080)|Nucleic acids (topic_0077)|Proteins (topic_0078),Sequence similarity search (operation_0346),Sequences (data_2044),FASTA (format_1929),Sequence alignment (data_0863)|Sequence search results (data_0857), ,PMID:26578577,http://fungi.ensembl.org/info/website/help/index.html,http://www.ebi.ac.uk/about/terms-of-use,helpdesk@ensemblgenomes.org,Ensembl Genomes webteam (eg-webteam@ebi.ac.uk),Paul Kersey,GGV,B,Established
Ensembl Genomes Fungi data slicer,http://fungi.ensembl.org/tools.html,Get a subset of data from a BAM | VCF file,EBI Tools|Ensembl Tools,Data management (topic_3071)|NGS (topic_3168)|Nucleic acids (topic_0077),Sequence file editing (operation_2121),Sequence alignment (data_0863)|Sequence variations (data_3498)|Sequence coordinates (data_2012),BAM (format_2572)|VCF (format_3016), ,BAM (format_2572)|VCF (format_3016),PMID:26578586,http://fungi.ensembl.org/info/website/help/index.html,http://www.ebi.ac.uk/about/terms-of-use,helpdesk@ensemblgenomes.org,Ensembl Genomes webteam (eg-webteam@ebi.ac.uk),Paul Kersey,GGV,B,Established
Ensembl Genomes Fungi ID history converter,http://fungi.ensembl.org/tools.html,Convert a set of Ensembl IDs from a previous release into their current equivalents,EBI Tools|Ensembl Tools,Data identity and mapping (topic_3345),ID mapping (operation_3282),Ensembl IDs (data_2610), ,Ensembl IDs (data_2610), ,PMID:26578596,http://fungi.ensembl.org/info/website/help/index.html,http://www.ebi.ac.uk/about/terms-of-use,helpdesk@ensemblgenomes.org,Ensembl Genomes webteam (eg-webteam@ebi.ac.uk),Paul Kersey,GGV,B,Established
Ensembl Genomes Fungi sequence search,http://fungi.ensembl.org/Multi/enasearch,Searches Ensembl Fungi sequences using Exonerate,EBI Tools|Ensembl Tools,Sequence analysis (topic_0080)|Nucleic acids (topic_0077)|Proteins (topic_0078),Sequence similarity search (operation_0346),Sequences (data_2044),FASTA (format_1929),Sequence alignment (data_0863)|Sequence search results (data_0857), ,PMID:26578572,http://fungi.ensembl.org/info/website/help/index.html,http://www.ebi.ac.uk/about/terms-of-use,helpdesk@ensemblgenomes.org,Ensembl Genomes webteam (eg-webteam@ebi.ac.uk),Paul Kersey,GGV,B,Established
Ensembl Genomes Fungi VEP,http://fungi.ensembl.org/tools.html,Upload a set of SNPs in our standard format and export a file containing consequence types,EBI Tools|Ensembl Tools,Genetic variation (topic_0199)|Nucleic acids (topic_0077)|NGS (topic_3168),Variant classification (operation_3225),Sequence variations (data_3498),Ensembl variation file format (format_3499)|VCF (format_3016),Report (data_2048),Textual format (format_2330)|HTML (format_2331),PMID:26578573,http://fungi.ensembl.org/info/website/help/index.html,http://www.ebi.ac.uk/about/terms-of-use,helpdesk@ensemblgenomes.org,Ensembl Genomes webteam (eg-webteam@ebi.ac.uk),Paul Kersey,GGV,B,Established
Ensembl Genomes Metazoa assembly converter,http://metazoa.ensembl.org/tools.html,Map your data to the current assembly,EBI Tools|Ensembl Tools,Nucleic acids (topic_0077)|NGS (topic_3168),Read mapping (operation_3198),Genomic features (data_1276),GFF (format_2305)|GTF (format_2306)|BED (format_3003)|PSL (format_3007), ,GFF (format_2305),PMID:26578602,http://metazoa.ensembl.org/info/website/help/index.html,http://www.ebi.ac.uk/about/terms-of-use,helpdesk@ensemblgenomes.org,Ensembl Genomes webteam (eg-webteam@ebi.ac.uk),Paul Kersey,GGV,B,Established
Ensembl Genomes Metazoa Blast,http://metazoa.ensembl.org/Multi/blastview,Searches Ensembl Metazoa sequences using BLAST,EBI Tools|Ensembl Tools,Sequence analysis (topic_0080)|Nucleic acids (topic_0077)|Proteins (topic_0078),Sequence similarity search (operation_0346),Sequences (data_2044),FASTA (format_1929),Sequence alignment (data_0863)|Sequence search results (data_0857), ,PMID:26578591,http://metazoa.ensembl.org/info/website/help/index.html,http://www.ebi.ac.uk/about/terms-of-use,helpdesk@ensemblgenomes.org,Ensembl Genomes webteam (eg-webteam@ebi.ac.uk),Paul Kersey,GGV,B,Established
Ensembl Genomes Metazoa data slicer,http://metazoa.ensembl.org/tools.html,Get a subset of data from a BAM | VCF file,EBI Tools|Ensembl Tools,Data management (topic_3071)|NGS (topic_3168)|Nucleic acids (topic_0077),Sequence file editing (operation_2121),Sequence alignment (data_0863)|Sequence variations (data_3498)|Sequence coordinates (data_2012),BAM (format_2572)|VCF (format_3016), ,BAM (format_2572)|VCF (format_3016),PMID:26578605,http://metazoa.ensembl.org/info/website/help/index.html,http://www.ebi.ac.uk/about/terms-of-use,helpdesk@ensemblgenomes.org,Ensembl Genomes webteam (eg-webteam@ebi.ac.uk),Paul Kersey,GGV,B,Established
Ensembl Genomes Metazoa ID history converter,http://metazoa.ensembl.org/tools.html,Convert a set of Ensembl IDs from a previous release into their current equivalents,EBI Tools|Ensembl Tools,Data identity and mapping (topic_3345),ID mapping (operation_3282),Ensembl IDs (data_2610), ,Ensembl IDs (data_2610), ,PMID:26582918,http://metazoa.ensembl.org/info/website/help/index.html,http://www.ebi.ac.uk/about/terms-of-use,helpdesk@ensemblgenomes.org,Ensembl Genomes webteam (eg-webteam@ebi.ac.uk),Paul Kersey,GGV,B,Established
Ensembl Genomes Metazoa sequence search,http://metazoa.ensembl.org/Multi/enasearch,Searches Ensembl Metazoa sequences using Exonerate,EBI Tools|Ensembl Tools,Sequence analysis (topic_0080)|Nucleic acids (topic_0077)|Proteins (topic_0078),Sequence similarity search (operation_0346),Sequences (data_2044),FASTA (format_1929),Sequence alignment (data_0863), ,PMID:26578590,http://metazoa.ensembl.org/info/website/help/index.html,http://www.ebi.ac.uk/about/terms-of-use,helpdesk@ensemblgenomes.org,Ensembl Genomes webteam (eg-webteam@ebi.ac.uk),Paul Kersey,GGV,B,Established
Ensembl Genomes Metazoa VEP,http://metazoa.ensembl.org/tools.html,Upload a set of SNPs in our standard format and export a file containing consequence types,EBI Tools|Ensembl Tools,Genetic variation (topic_0199)|Nucleic acids (topic_0077)|NGS (topic_3168),Variant classification (operation_3225),Sequence variations (data_3498),Ensembl variation file format (format_3499)|VCF (format_3016),Report (data_2048),Textual format (format_2330)|HTML (format_2331),PMID:26582916,http://metazoa.ensembl.org/info/website/help/index.html,http://www.ebi.ac.uk/about/terms-of-use,helpdesk@ensemblgenomes.org,Ensembl Genomes webteam (eg-webteam@ebi.ac.uk),Paul Kersey,GGV,B,Established
Ensembl Genomes Plants assembly converter,http://plants.ensembl.org/tools.html,Map your data to the current assembly,EBI Tools|Ensembl Tools,Nucleic acids (topic_0077)|NGS (topic_3168),Read mapping (operation_3198),Genomic features (data_1276),GFF (format_2305)|GTF (format_2306)|BED (format_3003)|PSL (format_3007), ,GFF (format_2305),PMID:26578575,http://plants.ensembl.org/info/website/help/index.html,http://www.ebi.ac.uk/about/terms-of-use,helpdesk@ensemblgenomes.org,Ensembl Genomes webteam (eg-webteam@ebi.ac.uk),Paul Kersey,GGV,B,Established
Ensembl Genomes Plants Blast,http://plants.ensembl.org/Multi/blastview,Search Ensembl Plants sequences with NCBI-BLAST,EBI Tools|Ensembl Tools,Sequence analysis (topic_0080)|Nucleic acids (topic_0077)|Proteins (topic_0078),Sequence similarity search (operation_0346),Sequences (data_2044),FASTA (format_1929),Sequence alignment (data_0863)|Sequence search results (data_0857), ,PMID:26578580,http://plants.ensembl.org/info/website/help/index.html,http://www.ebi.ac.uk/about/terms-of-use,helpdesk@ensemblgenomes.org,Ensembl Genomes webteam (eg-webteam@ebi.ac.uk),Paul Kersey,GGV,B,Established
Ensembl Genomes Plants data slicer,http://plants.ensembl.org/tools.html,Get a subset of data from a BAM | VCF file,EBI Tools|Ensembl Tools,Data management (topic_3071)|Nucleic acids (topic_0077)|NGS (topic_3168),Sequence file editing (operation_2121),Sequence alignment (data_0863)|Sequence variations (data_3498)|Sequence coordinates (data_2012),BAM (format_2572)|VCF (format_3016), ,BAM (format_2572)|VCF (format_3016),PMID:26578582,http://plants.ensembl.org/info/website/help/index.html,http://www.ebi.ac.uk/about/terms-of-use,helpdesk@ensemblgenomes.org,Ensembl Genomes webteam (eg-webteam@ebi.ac.uk),Paul Kersey,GGV,B,Established
Ensembl Genomes Plants ID history converter,http://plants.ensembl.org/tools.html,Convert a set of Ensembl IDs from a previous release into their current equivalents,EBI Tools|Ensembl Tools,Data identity and mapping (topic_3345),ID mapping (operation_3282),Ensembl IDs (data_2610), ,Ensembl IDs (data_2610), ,PMID:26582928,http://plants.ensembl.org/info/website/help/index.html,http://www.ebi.ac.uk/about/terms-of-use,helpdesk@ensemblgenomes.org,Ensembl Genomes webteam (eg-webteam@ebi.ac.uk),Paul Kersey,GGV,B,Established
Ensembl Genomes Plants sequence search,http://plants.ensembl.org/Multi/enasearch,Search Ensembl Plants sequences with Exonerate,EBI Tools|Ensembl Tools,Sequence analysis (topic_0080)|Nucleic acids (topic_0077)|Proteins (topic_0078),Sequence similarity search (operation_0346),Sequences (data_2044),FASTA (format_1929),Sequence alignment (data_0863)|Sequence search results (data_0857), ,PMID:26582924,http://plants.ensembl.org/info/website/help/index.html,http://www.ebi.ac.uk/about/terms-of-use,helpdesk@ensemblgenomes.org,Ensembl Genomes webteam (eg-webteam@ebi.ac.uk),Paul Kersey,GGV,B,Established
Ensembl Genomes Plants VEP,http://plants.ensembl.org/tools.html,Upload a set of SNPs in our standard format and export a file containing consequence types,EBI Tools|Ensembl Tools,Genetic variation (topic_0199)|Nucleic acids (topic_0077)|NGS (topic_3168),Variant classification (operation_3225),Sequence variations (data_3498),Ensembl variation file format (format_3499)|VCF (format_3016),Report (data_2048),Textual format (format_2330)|HTML (format_2331),PMID:26578601,http://plants.ensembl.org/info/website/help/index.html,http://www.ebi.ac.uk/about/terms-of-use,helpdesk@ensemblgenomes.org,Ensembl Genomes webteam (eg-webteam@ebi.ac.uk),Paul Kersey,GGV,B,Established
Ensembl Genomes Protists assembly converter,http://protists.ensembl.org/tools.html,Map your data to the current assembly,EBI Tools|Ensembl Tools,Nucleic acids (topic_0077)|NGS (topic_3168),Read mapping (operation_3198),Genomic features (data_1276),GFF (format_2305)|GTF (format_2306)|BED (format_3003)|PSL (format_3007), ,GFF (format_2305),PMID:26578585,http://protists.ensembl.org/info/website/help/index.html,http://www.ebi.ac.uk/about/terms-of-use,helpdesk@ensemblgenomes.org,Ensembl Genomes webteam (eg-webteam@ebi.ac.uk),Paul Kersey,GGV,B,Established
Ensembl Genomes Protists Blast,http://protists.ensembl.org/Multi/blastview,Searches Ensembl Protists sequences using NCBI-BLAST,EBI Tools|Ensembl Tools,Sequence analysis (topic_0080)|Nucleic acids (topic_0077)|Proteins (topic_0078),Sequence similarity search (operation_0346),Sequences (data_2044),FASTA (format_1929),Sequence alignment (data_0863), ,PMID:26586809,http://protists.ensembl.org/info/website/help/index.html,http://www.ebi.ac.uk/about/terms-of-use,helpdesk@ensemblgenomes.org,Ensembl Genomes webteam (eg-webteam@ebi.ac.uk),Paul Kersey,GGV,B,Established
Ensembl Genomes Protists data slicer,http://protists.ensembl.org/tools.html,Get a subset of data from a BAM | VCF file,EBI Tools|Ensembl Tools,Data management (topic_3071)|NGS (topic_3168)|Nucleic acids (topic_0077),Sequence file editing (operation_2121),Sequence alignment (data_0863)|Sequence variations (data_3498)|Sequence coordinates (data_2012),BAM (format_2572)|VCF (format_3016), ,BAM (format_2572)|VCF (format_3016),PMID:26602686,http://protists.ensembl.org/info/website/help/index.html,http://www.ebi.ac.uk/about/terms-of-use,helpdesk@ensemblgenomes.org,Ensembl Genomes webteam (eg-webteam@ebi.ac.uk),Paul Kersey,GGV,B,Established
Ensembl Genomes Protists ID history converter,http://protists.ensembl.org/tools.html,Convert a set of Ensembl IDs from a previous release into their current equivalents,EBI Tools|Ensembl Tools,Data identity and mapping (topic_3345),ID mapping (operation_3282),Ensembl IDs (data_2610), ,Ensembl IDs (data_2610), ,PMID:26582927,http://protists.ensembl.org/info/website/help/index.html,http://www.ebi.ac.uk/about/terms-of-use,helpdesk@ensemblgenomes.org,Ensembl Genomes webteam (eg-webteam@ebi.ac.uk),Paul Kersey,GGV,B,Established
Ensembl Genomes Protists sequence search,http://protists.ensembl.org/Multi/enasearch,Searches Ensembl Protists sequences using Exonerate,EBI Tools|Ensembl Tools,Sequence analysis (topic_0080)|Nucleic acids (topic_0077)|Proteins (topic_0078),Sequence similarity search (operation_0346),Sequences (data_2044),FASTA (format_1929),Sequence alignment (data_0863), ,PMID:26586808,http://protists.ensembl.org/info/website/help/index.html,http://www.ebi.ac.uk/about/terms-of-use,helpdesk@ensemblgenomes.org,Ensembl Genomes webteam (eg-webteam@ebi.ac.uk),Paul Kersey,GGV,B,Established
Ensembl Genomes Protists VEP,http://protists.ensembl.org/tools.html,Upload a set of SNPs in our standard format and export a file containing consequence types,EBI Tools|Ensembl Tools,Genetic variation (topic_0199)|Nucleic acids (topic_0077)|NGS (topic_3168),Variant classification (operation_3225),Sequence variations (data_3498),Ensembl variation file format (format_3499)|VCF (format_3016),Report (data_2048),Textual format (format_2330)|HTML (format_2331),PMID:26582920,http://protists.ensembl.org/info/website/help/index.html,http://www.ebi.ac.uk/about/terms-of-use,helpdesk@ensemblgenomes.org,Ensembl Genomes webteam (eg-webteam@ebi.ac.uk),Paul Kersey,GGV,B,Established
Ensembl Sequence Search (BLAT and BLAST),http://www.ensembl.org/Multi/Tools/Blast,"Sequence similarity searching against genomic, cds, cdna and protein sequence. BLAT is available for genomic sequence and NCBI-Blast is used for BLASTing",EBI tools|Ensembl Tools,Sequence analysis (topic_0080)|Nucleic acids (topic_0077)|Proteins (topic_0078),Sequence similarity search (operation_0346),Sequence (data_2044),FASTA,Sequence search results (data_0857),HTML (format_2331),PMID:25352552,http://www.ensembl.org/Help/View?id=451,http://www.ebi.ac.uk/about/terms-of-use,http://www.ensembl.org/Help/Contact,Andrew Yates (ayates@ebi.ac.uk),Andy Yates,GGV,B,Established
EnzymePortal - Protein sequence search,http://www.ebi.ac.uk/enzymeportal/advanceSearch,Advanced search of the EnzymePortal,EBI Tools,Sequence analysis (topic_0080)|Enzymes (topic_0821)|Proteins (topic_0078),Database search (operation_2421)|Query and retrieval (operation_0224),,,,,PMID:23175605,http://www.ebi.ac.uk/enzymeportal/faq,http://www.ebi.ac.uk/about/terms-of-use,http://www.ebi.ac.uk/support/,Maria Martin,Maria Martin,Protein and Protein Families?,B,Established
Europe PMC Accounts,https://europepmc.org/accounts/login,Save favourite searches ,EBI Tools|Europe PMC Tools,Literature and reference (topic_3068),Bibliography generation (operation_3349),,,Bibliography (data_3505),CSV (format_3475)|XML (format_2332),unpublished,https://europepmc.org/Help#whatEPMCAccount,,helpdesk@europepmc.org,Jo McEntyre (mcentyre@ebi.ac.uk),Jo McEntyre,Cross Domain,B,
Europe PMC ORCID Tool,http://europepmc.org/orcid/import,A Europe PMC tool that allows article authors to build a bibliography and export it to ORCID.,EBI Tools|Europe PMC Tools,Literature and reference (topic_3068),Bibliography generation (operation_3349),,,Bibliography (data_3505),XML (format_2332),PMID:25378340,http://europepmc.org/orcid/import,http://www.ebi.ac.uk/about/terms-of-use,helpdesk@europepmc.org,Jo McEntyre (mcentyre@ebi.ac.uk),Jo McEntyre,Cross-domain,B,
Europe PMC plus Grant Linking,http://plus.europepmc.org/emss/login/uls.cgi?rss=wt&url=/plus/menu.html,Authors use Europe PMC plus to link grants to their articles.,EBI Tools|Europe PMC Tools,Literature and reference (topic_3068),Bibliography generation (operation_3349),,,Bibliography (data_3505),CSV (format_3475)|XML (format_2332),unpublished,http://plus.europepmc.org/emss/login/uls.cgi?rss=wt&url=/plus/menu.html,http://www.ebi.ac.uk/about/terms-of-use,helpdesk@europepmc.org,Jo McEntyre (mcentyre@ebi.ac.uk),Jo McEntyre,Cross Domain - hosted at University of Manchester,B,
Europe PMC plus Manuscript Submission System (MSS),http://plus.europepmc.org/emss/login/uls.cgi?rss=wt&url=/plus/menu.html,Anyone from at least one of the Europe PMC Funders can submit an author manuscript for inclusion in Europe PubMed Central. Publishers can also submit manuscripts on behalf of authors,EBI Tools|Europe PMC Tools,"Literature and reference (topic_3068)|Data submission, annotation and curation (topic_0219)",Deposition (operation_3431),Article (data_0971),docx (format_3506)|PDF (format_3508),,XML (format_2332),unpublished,http://plus.europepmc.org/emss/login/uls.cgi?rss=wt&url=/plus/menu.html,http://www.ebi.ac.uk/about/terms-of-use,helpdesk@europepmc.org,Jo McEntyre (mcentyre@ebi.ac.uk),Jo McEntyre,Cross Domain - hosted at University of Manchester,B,
FASTA,http://www.ebi.ac.uk/Tools/sss/fasta/,"Sequence similarity searching against protein databases using the FASTA suite. FASTX and FASTY translate a DNA query. Optimal searches with SSEARCH (local), GGSEARCH (global) and GLSEARCH (global query, local database)",EBI Tools,Sequence analysis (topic_0080)|Nucleic acids (topic_0077)|Proteins (topic_0078),Sequence similarity search (operation_0346),Sequence (data_2044),,Sequence search results (data_0857),,PMID:18428723,http://www.ebi.ac.uk/Tools/sss/FASTA/,http://www.ebi.ac.uk/about/terms-of-use,http://www.ebi.ac.uk/support/,Web Production (es-request@ebi.ac.uk),Tools Committee,T,A,Established
PDBeXplore: sequence similarity search of the PDB,http://www.ebi.ac.uk/pdbe-srv/PDBeXplore/sequence/,Search and alignment of protein sequences in PDB against a user sequence,EBI Tools|PDBe Tools,Sequence analysis (topic_0080)|Proteins (topic_0078),Sequence similarity search (operation_0346)|Pairwise sequence alignment (operation_0491),Protein sequence (data_2976),FASTA / uniprot id / raw sequence / PDB chain id + chain ID,Sequence search results (data_0857)|Protein report (data_0896)|Small molecule report (data_0962),html,PMID:22110033,http://www.ebi.ac.uk/pdbe/?tab=home&subtab=sequencesearch,http://www.ebi.ac.uk/about/terms-of-use,pdbhelp@ebi.ac.uk,Jose Dana (dana@ebi.ac.uk),Gerard Kleywegt,MCS,B,Established
FASTM,http://www.ebi.ac.uk/Tools/sss/fastm/," Sequence similarity search with peptide fragment searches using the FASTF, FASTM or FASTS programs from the FASTA suite",EBI Tools,Sequence analysis (topic_0080)|Proteins (topic_0078),Sequence similarity search (operation_0346),Protein sequence (data_2976),,Sequence search results (data_0857),,PMID:18428723,http://www.ebi.ac.uk/Tools/sss/fastm/,http://www.ebi.ac.uk/about/terms-of-use,http://www.ebi.ac.uk/support/,Web Production (es-request@ebi.ac.uk),Tools Committee,T,A,Established
FingerPRINTScan,http://www.ebi.ac.uk/Tools/pfa/fingerprintscan/,Scan a protein sequence against PRINTS to identify the closest matching PRINTS sequence motifs/fingerprints,EBI Tools,"Protein families (topic_0724)|Protein sites, features and motifs (topic_3510)|Proteins (topic_0078)",Protein sequence feature detection (operation_3087)|Sequence signature recognition (operation_0239),Protein sequence (data_2976),,Sequence signature matches (data_0858)|Protein features (data_1277),,,http://www.ebi.ac.uk/Tools/pfa/fingerprintscan/,http://www.ebi.ac.uk/about/terms-of-use,http://www.ebi.ac.uk/support/,Web Production (es-request@ebi.ac.uk),Rob Finn,T,B,Retiring
GeneWise,http://www.ebi.ac.uk/Tools/psa/genewise/," Compare a protein sequence to a genomic DNA sequence, allowing for introns and frameshifting errors",EBI Tools,"Sequence analysis (topic_0080)|Nucleic acid sites, features and motifs (topic_3511)|Proteins (topic_0078)|Nucleic acids (topic_0077)",Pairwise sequence alignment (operation_0491)|Local sequence alignment (operation_0495),Protein sequence (data_2976)|DNA sequence (data_3494),,Sequence alignment (pair) (data_1381),,PMID:15123596,http://www.ebi.ac.uk/Tools/psa/genewise/,http://www.ebi.ac.uk/about/terms-of-use,http://www.ebi.ac.uk/support/,Web Production (es-request@ebi.ac.uk),Tools Committee,T,A,Established
GPCR SARfari  BLAST Search,https://www.ebi.ac.uk/chembl/sarfari/gpcrsarfari/protein,BLAST search of against GPCR domains stored in GPCR SARfari ,EBI Tools|ChEMBL Tools,Sequence analysis (topic_0080)|Membrane and lipoproteins (topic_0820)|Cheminformatics (topic_2258),Sequence similarity search (operation_0346),Protein sequence (data_2976),FASTA (format_1929),Sequence search results (data_0857),,PMID:2231712,https://www.ebi.ac.uk/chembl/sarfari/gpcrsarfari/protein,http://www.ebi.ac.uk/about/terms-of-use,chembl-help@ebi.ac.uk,Michal Nowotka (mnowotka@ebi.ac.uk),Anne Hersey,Chemistry,B,Established
GPCR SARfari Small Molecule Search,https://www.ebi.ac.uk/chembl/sarfari/gpcrsarfari/compound,Search against small molecules stored in GPCR SARfari database,EBI Tools|ChEMBL Tools,Membrane and lipoproteins (topic_0820)|Cheminformatics (topic_2258),Structure databases search (operation_0339),Chemical structure sketch (data_3490),,Chemical structure report (data_0962),,PMID:23694746,https://www.ebi.ac.uk/chembl/sarfari/gpcrsarfari/compound,http://www.ebi.ac.uk/about/terms-of-use,chembl-help@ebi.ac.uk,Michal Nowotka (mnowotka@ebi.ac.uk),Anne Hersey,Chemistry,B,Established
HMMER hmmscan,http://www.ebi.ac.uk/Tools/pfa/hmmer_hmmscan/,Scan a protein sequence against a database of HMM profiles (e.g. TreeFam or Pfam-A),EBI Tools,"Protein families (topic_0724)|Protein sites, features and motifs (topic_3510)|Proteins (topic_0078)",Protein sequence feature detection (operation_3087)|Sequence signature recognition (operation_0239),Protein sequence (data_2976),FASTA,Sequence signature matches (data_0858)|Protein features (data_1277),RAW HMMER format,PMID:25943547,http://www.ebi.ac.uk/Tools/pfa/hmmer_hmmscan/,http://www.ebi.ac.uk/about/terms-of-use,http://www.ebi.ac.uk/support/,Web Production (es-request@ebi.ac.uk),Rob Finn,T,B,Established
ID History converter,http://www.ensembl.org/Multi/Tools/IDMapper,Convert a set of Ensembl IDs from a previous release into their current equivalents,EBI Tools|Ensembl Tools,Data identity and mapping (topic_3345),ID mapping (operation_3282),Ensembl IDs (data_2610),Textual format (format_2330),Ensembl IDs (data_2610),Textual format (format_2330),PMID:17148474,http://www.ensembl.org/Help/View?id=560,http://www.ebi.ac.uk/about/terms-of-use,http://www.ensembl.org/Help/Contact,Andrew Yates (ayates@ebi.ac.uk),Andy Yates,GGV,B,Established
Identifiers.org resolver,http://identifiers.org/,Resolver of URIs,EBI Tools,Data identity and mapping (topic_3345),ID mapping (operation_3282)|Metadata retrieval (operation_0304),URIs (data_1047),,Database metadata (data_0957)|Database entry metadata (data_2193),html / rdf,PMID:22140103,http://identifiers.org/help,http://www.ebi.ac.uk/about/terms-of-use,biomodels-net-support@lists.sf.net,Sarala Wimalaratne sarala@ebi.ac.uk,Henning Hermjakob,Molecular Systems,B,Established
IntAct Editor,http://www.ebi.ac.uk/intact/editor,Online editor of the IntAct database - this tool is aimed at internal and external IntAct curators,EBI Tools,"Protein interactions (topic_0128)|Data submission, annotation and curation (topic_0219)|Systems biology (topic_2259)",Annotation (operation_0226)|Deposition (operation_3431),Article ,PSi-MI XML,Protein interaction record (data_0906),"mitab, PSI-MI XML, JSON, HTML, ",PMID:24234451 ,https://bitbucket.org/intact-ebi/intact-editor/,http://www.ebi.ac.uk/about/terms-of-use,intact-help@ebi.ac.uk,Maximilian (mkoch@ebi.ac.uk),Sandra Orchard,Molecular Systems,B,Established
InterProScan,http://www.ebi.ac.uk/interpro/interproscan.html,"Functional analysis of protein sequences by classifying them into families and predicting the presence of domains and important sites, via search of InterPro",EBI Tools,"Protein families (topic_0724)|Protein sites, features and motifs (topic_3510)|Proteins (topic_0078)",Protein sequence feature detection (operation_3087)|Sequence signature recognition (operation_0239)|Protein family and domain recognition (operation_0246),Protein sequence (data_2976),,Sequence signature matches (data_0858)|Protein features (data_1277)|Ontology terms (data_0966),,"PMID: 24451626
PMCID: PMC3998142",http://www.ebi.ac.uk/interpro/,http://www.ebi.ac.uk/about/terms-of-use,http://www.ebi.ac.uk/support/interpro-general-query,InterPro development team (interpro-team@ebi.ac.uk),Rob Finn,PPF,B,Established
InterProScan 4,http://www.ebi.ac.uk/Tools/pfa/iprscan/,Scan sequences against the InterPro protein signature databases,EBI Tools,"Protein families (topic_0724)|Protein sites, features and motifs (topic_3510)|Proteins (topic_0078)",Protein sequence feature detection (operation_3087)|Sequence signature recognition (operation_0239),Protein sequence (data_2976),,Sequence signature matches (data_0858)|Protein features (data_1277),,,http://www.ebi.ac.uk/Tools/pfa/iprscan/,http://www.ebi.ac.uk/about/terms-of-use,http://www.ebi.ac.uk/support/,Web Production (es-request@ebi.ac.uk),Rob Finn,T,B,Retiring
Kalign,http://www.ebi.ac.uk/Tools/msa/kalign/,Fast and accurate multiple sequence alignment which handles large sequences,EBI Tools,Sequence analysis (topic_0080)|Proteins (topic_0078)|Nucleic acids (topic_0077),Multiple sequence alignment (operation_0492),Sequences (data_2044),,Sequence alignment (data_0863),,PMID:16343337 ,http://www.ebi.ac.uk/Tools/msa/kalign/,http://www.ebi.ac.uk/about/terms-of-use,http://www.ebi.ac.uk/support/,Web Production (es-request@ebi.ac.uk),Tools Committee,T,A,Established
Kinase SARfari  BLAST Search,https://www.ebi.ac.uk/chembl/sarfari/kinasesarfari/protein,BLAST search against Kinase domains stored in Kinase SARfari,EBI Tools|ChEMBL Tools,Sequence analysis (topic_0080)|Cheminformatics (topic_2258)|Drug discovery (topic_3336),Sequence similarity search (operation_0346),Protein sequence (data_2976),FASTA (format_1929),Sequence search results (data_0857),,PMID:2231712,https://www.ebi.ac.uk/chembl/sarfari/kinasesarfari/protein,http://www.ebi.ac.uk/about/terms-of-use,chembl-help@ebi.ac.uk,Michal Nowotka (mnowotka@ebi.ac.uk),Anne Hersey,Chemistry,B,Established
Kinase SARfari Small Molecule Search,https://www.ebi.ac.uk/chembl/sarfari/kinasesarfari/compound,Search against small molecules stored in Kinase SARfari database,EBI Tools|ChEMBL Tools,Cheminformatics (topic_2258)|Drug discovery (topic_3336),Structure databases search (operation_0339),Chemical structure sketch (data_3490),,Chemical structure report (data_0962),,PMID:23694746,https://www.ebi.ac.uk/chembl/sarfari/kinasesarfari/compound,http://www.ebi.ac.uk/about/terms-of-use,chembl-help@ebi.ac.uk,Michal Nowotka (mnowotka@ebi.ac.uk),Anne Hersey,Chemistry,B,Established
LALIGN,http://www.ebi.ac.uk/Tools/psa/lalign/,Find internal duplications by calculating non-intersecting local sequence alignments,EBI Tools,"Sequence analysis (topic_0080)|Sequence composition, complexity and repeats (topic_0157)|Proteins (topic_0078)|Nucleic acids (topic_0077)",Pairwise sequence alignment (operation_0491)|Local sequence alignment (operation_0495)|Sequence feature detection (operation_0253),Sequences (data_2044),,Sequence alignment (pair) (data_1381),,PMID:18428723,http://www.ebi.ac.uk/Tools/psa/lalign/,http://www.ebi.ac.uk/about/terms-of-use,http://www.ebi.ac.uk/support/,Web Production (es-request@ebi.ac.uk),Tools Committee,T,A,Established
LigSearch,http://www.ebi.ac.uk/thornton-srv/databases/LigSearch,Identifies small molecules likely to bind to given protein,EBI Tools|Thornton Tools,Protein structure analysis (topic_2814)|Protein interactions (topic_0128)|Proteins (topic_0078),Protein binding site prediction (from sequence) (operation_0419),Protein sequence (data_2976),PDB code file / UniProt ID / or pasted protein sequence,Protein-ligand interaction report (data_1566),HTML,PMID:24311580,http://www.ebi.ac.uk/thornton-srv/databases/LigSearch/help.html,http://www.ebi.ac.uk/about/terms-of-use,marcus@ebi.ac.uk,Roman Laskowski (roman@ebi.ac.uk),Janet Thornton,R,C,Young
LipidHome,http://wwwdev.ebi.ac.uk/metabolights/lipidhome/,LipidHome is a database of theoretical lipid structures derived from a seed set of lipid sub classes and some lipid chemical space constraints agreed upon with experts in the field.,,,,,,,,PMID:23667450,Not available yet,,pmoreno@ebi.ac.uk,Pablo Moreno,Christoph Steinbeck,Chemistry and Molecular Resources Cluster,C,Nascent
MACiE,http://www.ebi.ac.uk/thornton-srv/databases/MACiE/,"Mechanism, Annotation and Classification in Enzymes. Query for an enzyme, and return enzyme mechanism.",EBI Tools|Thornton Tools,Enzymes (topic_0821)|Proteins (topic_0078)|Protein families (topic_0724),Query and retrieval (operation_0224),Protein sequence (data_2976),"Enzyme name, EC number, PDB code, CATH code, pasted protein sequence",Report on enzyme mechanism,HTML,PMID:22058127,http://www.ebi.ac.uk/thornton-srv/databases/MACiE/documentation/index.html,http://www.ebi.ac.uk/about/terms-of-use,http://www.ebi.ac.uk/support/,Roman Laskowski (roman@ebi.ac.uk),Janet Thornton,R,C,Established
MAFFT,http://www.ebi.ac.uk/Tools/msa/mafft/,High speed multiple sequence alignment using Fast Fourier Transform and capable of handling large sequences,EBI Tools,Sequence analysis (topic_0080)|Proteins (topic_0078)|Nucleic acids (topic_0077),Multiple sequence alignment (operation_0492),Sequences (data_2044),,Sequence alignment (data_0863),,PMID:23329690,http://www.ebi.ac.uk/Tools/msa/mafft/,http://www.ebi.ac.uk/about/terms-of-use,http://www.ebi.ac.uk/support/,Web Production (es-request@ebi.ac.uk),Tools Committee,T,A,Established
MageComet,http://www.ebi.ac.uk/fgpt/sw/magecomet,"MageComet is an online tool that facilitates curation of MAGE-TAB. It combines text-mining and the Experimental Factor Ontology (EFO) to create a semi-automatic environment for faster annotation, guided data-manipulation and content summary",EBI Tools|Parkinson Tools,"Data submission, annotation and curation (topic_0219)|Ontology and terminology (topic_0089)",Annotation (operation_0226),,,,,,http://www.ebi.ac.uk/fgpt/sw/magecomet,http://www.apache.org/licenses/LICENSE-2.0,http://www.ebi.ac.uk/support/,Tony Burdett (tburdett@ebi.ac.uk),Helen Parkinson,Cross-domain,B,Retiring
Malaria Data BLAST Search,https://www.ebi.ac.uk/chembl/malaria/target,BLAST search against protein targets stored in Malaria Data database,EBI Tools|ChEMBL Tools,Sequence analysis (topic_0080)|Cheminformatics (topic_2258),Sequence similarity search (operation_0346),Protein sequence (data_2976),FASTA (format_1929),Sequence search results (data_0857),,PMID:2231712,https://www.ebi.ac.uk/chembl/malaria/target,http://www.ebi.ac.uk/about/terms-of-use,chembl-help@ebi.ac.uk,Michal Nowotka (mnowotka@ebi.ac.uk),Anne Hersey,Chemistry,B,Established
Malaria Data Small Molecule Search,https://www.ebi.ac.uk/chembl/malaria/compound,Search against small molecules stored in Malaria Data database,EBI Tools|ChEMBL Tools,Cheminformatics (topic_2258),Structure databases search (operation_0339),Chemical structure sketch (data_3490),,Chemical structure report (data_0962),,PMID:23694746,https://www.ebi.ac.uk/chembl/malaria/compound,http://www.ebi.ac.uk/about/terms-of-use,chembl-help@ebi.ac.uk,Michal Nowotka (mnowotka@ebi.ac.uk),Anne Hersey,Chemistry,B,Established
MapMi,http://www.ebi.ac.uk/enright-srv/MapMi/,"MapMi is a tool designed to locate miRNA precursor sequences in existing genomic sequences (e.g Ensembl and Ensembl Metazoa), using potential mature miRNA sequences as input",EBI Tools,"Functional, regulatory and non-coding RNA (topic_0659)|NGS (topic_3168)",microRNA detection (operation_0463),,,,,PMID:20233390,http://www.ebi.ac.uk/enright-srv/MapMi/,http://www.ebi.ac.uk/about/terms-of-use,http://www.ebi.ac.uk/support/,Anton Enright (aje@ebi.ac.uk),Anton Enright,R,C,Established
MUSCLE,http://www.ebi.ac.uk/Tools/msa/muscle/,Sequence alignment using the Multiple Sequence Comparison by Log-Expectation (MUSCLE) method,EBI Tools,Sequence analysis (topic_0080)|Proteins (topic_0078)|Nucleic acids (topic_0077),Multiple sequence alignment (operation_0492),Sequences (data_2044),,Sequence alignment (data_0863),,PMID:15318951,http://www.ebi.ac.uk/Tools/msa/muscle/,http://www.ebi.ac.uk/about/terms-of-use,http://www.ebi.ac.uk/support/,Web Production (es-request@ebi.ac.uk),Tools Committee,T,A,Established
MView,http://www.ebi.ac.uk/Tools/msa/mview/,"MView reformats the results of a sequence database search (BLAST, FASTA) or a multiple alignment adding optional HTML markup to control colouring and web page layout",EBI Tools,Data management (topic_3071),Sequence alignment formatting (operation_0562)| Sequence alignment visulatisation (operation_0565)|Visualisation(operation_0337),Sequence alignment (data_0863)|Sequence search results (data_0857),MSF (format_1947)|nbrf/pir (format_1948)|ClustalW format (format_1982),Sequence alignment (data_0863),,PMID:9632837,http://www.ebi.ac.uk/Tools/msa/mview/,http://www.ebi.ac.uk/about/terms-of-use,http://www.ebi.ac.uk/support/,Web Production (es-request@ebi.ac.uk),Tools Committee,T,A,Established
NCBI BLAST,http://www.ebi.ac.uk/Tools/sss/ncbiblast/,"Find regions of sequence similarity and alignments between a query sequence and database sequences, using programs from the NCBI BLAST suite (e.g. blastn, blastp, blastx, etc.)",EBI Tools,Sequence analysis (topic_0080)|Nucleic acids (topic_0077)|Proteins (topic_0078),Sequence similarity search (operation_0346),Sequence (data_2044),,Sequence search results (data_0857),,PMID:9254694,http://www.ebi.ac.uk/Tools/sss/ncbiblast/,http://www.ebi.ac.uk/about/terms-of-use,http://www.ebi.ac.uk/support/,Web Production (es-request@ebi.ac.uk),Tools Committee,T,A,Established
OntoQuery,http://www.ebi.ac.uk/chebi/tools/ontoquery/,OWL query tool for ChEBI ontology,,,,,,,,PMID:24008420,http://www.ebi.ac.uk/chebi/tools/ontoquery/OntoQueryHelp.jsp,http://www.ebi.ac.uk/about/terms-of-use,chebi-help@ebi.ac.uk,Venkatesh Muthukrishnan (venkat@ebi.ac.uk),Christoph Steinbeck,Chemistry and Molecular Resources Cluster,C,Established
PDBeFold,http://pdbe.org/fold,Identification and comparison of similar proteins based on 3D arrangements of secondary structure elements,EBI Tools|PDBe Tools,"Protein structure analysis (topic_2814)|Proteins (topic_0078)
",Structural similarity search (operation_0360)|Structure alignment (operation_0295)|Structure visualisation (operation_0570),Protein structure (data_1460),PDB (format_1476) | mmCIF (format_1477),Database search results (data_2080)|Structure alignment (protein) (data_1481)|Protein structure report (data_1537),HTML|XML|FASTA,PMID:15572779,http://pdbe.org/fold,http://www.ebi.ac.uk/about/terms-of-use,pdbhelp@ebi.ac.uk,Sameer Velankar (sameer@ebi.ac.uk),Gerard Kleywegt,MCS,B,Established
PDBeMotif,http://pdbe.org/motif,"Advanced search system based on 3D structure motifs, sequence motifs, and more.",EBI Tools|PDBe Tools,Protein structure analysis (topic_2814)|Protein structural motifs and surfaces (topic_0166)|Protein interactions (topic_0128)|Proteins (topic_0078),Protein structural motif recognition (operation_0245),"Ligand ID, Smiles string, PFAM ID, Uniprot ID, Protein sequence pattern, Secondary structure sequence, ",,Protein-ligand interaction report (data_1566)|Protein features (data_1277),,PMID:18637174,http://www.ebi.ac.uk/pdbe-site/pdbemotif/start?tab=upload,http://www.ebi.ac.uk/about/terms-of-use,https://www.ebi.ac.uk/pdbe/?tab=aboutus&subtab=contactus,Saqib Mir,Gerard Kleywegt,MCS,B,Established
PDBePISA,http://pdbe.org/pisa,Exploration of macromolecular interfaces and prediction of probable quaternary structures,EBI Tools|PDBe Tools,Protein structure analysis (topic_2814)|Protein structural motifs and surfaces (topic_0166)|Protein interactions (topic_0128)|Proteins (topic_0078),Protein quaternary structure prediction (operation_3350)|Protein surface analysis (operation_3351)|Structure visualisation (operation_0570),Protein structure (data_1460),PDB (format_1476) | mmCIF (format_1477),Protein structure report (data_1537)|Protein interaction report (data_0906),HTML|XML,PMID:17681537,http://pdbe.org/pisa,http://www.ebi.ac.uk/about/terms-of-use,pdbhelp@ebi.ac.uk,Oliver Smart (smart@ebi.ac.uk),Gerard Kleywegt,MCS,B,Established
,,,,,,,,,,,,,,,,,,
PDBsum Generate,http://www.ebi.ac.uk/thornton-srv/databases/pdbsum/Generate.html,"Protein structure analyses, inlcuding secondary structure determination, quality assessment, protein -ligand -protein -DNA interactions.",EBI Tools|Thornton Tools,Protein structure analysis (topic_2814)|Protein interactions (topic_0128)|Proteins (topic_0078),Protein structure analysis (operation_2406),Protein structure (data_1460),PDB (format_1476),Protein structure report (data_1537),HTML,PMID:18996896,http://www.ebi.ac.uk/thornton-srv/databases/cgi-bin/pdbsum/GetPage.pl?doc=TRUE&template=doc_index.html&pdbcode=n/a,http://www.ebi.ac.uk/about/terms-of-use,roman@ebi.ac.uk,Roman Laskowski (roman@ebi.ac.uk),Janet Thornton,R,C,Established
Pfam search,http://pfam.sanger.ac.uk/search,Search of Pfam's HMM collection,EBI Tools,"Protein families (topic_0724)|Protein sites, features and motifs (topic_3510)|Proteins (topic_0078)|",Protein sequence feature detection (operation_3087)|Sequence signature recognition (operation_0239)|Protein family and domain recognition (operation_0246),Protein sequence (data_2976)|DNA sequence (data_3494),,Sequence signature matches (data_0858),,"PMID:26673716
PMCID: PMC4702930",http://pfam.sanger.ac.uk/help,http://www.ebi.ac.uk/about/terms-of-use,pfam-help@sanger.ac.uk,Pfam group (pfam-help@sanger.ac.uk),Rob Finn,PPF,B,Established
Phobius,http://www.ebi.ac.uk/Tools/pfa/phobius/,Predict transmembrane topology and signal peptides from the amino acid sequence of a protein,EBI Tools,"Protein sites, features and motifs (topic_3510)|Membrane and lipoproteins (topic_0820)|Protein structure analysis (topic_2814)|Proteins (topic_0078)",Transmembrane protein prediction (operation_0269)|Protein signal peptide detection (operation_0418),Protein sequence (data_2976),,Protein features (data_1277),,PMID:15111065,http://www.ebi.ac.uk/Tools/pfa/phobius/,http://www.ebi.ac.uk/about/terms-of-use,http://www.ebi.ac.uk/support/,Web Production (es-request@ebi.ac.uk),Tools Committee,T,A,Established
PICR,http://www.ebi.ac.uk/Tools/picr/,Protein Identifier Cross Reference service to map proteins by identifiers and sequence,EBI Tools,Data identity and mapping (topic_3345),ID mapping (operation_3282),Protein accessions (data_2907)|Protein sequence (data_2976),,Protein accessions (data_2907),,PMID:17945017,http://www.ebi.ac.uk/Tools/picr/init.do#documentation,http://www.ebi.ac.uk/about/terms-of-use,pride-support@ebi.ac.uk,PRIDE support (pride-support@ebi.ac.uk),Maria Martin,Molecular Atlas,B,Established
PITA,http://www.ebi.ac.uk/thornton-srv/databases/pita/,Suggests most likely biological unit for X-ray structure of protein,EBI Tools|Thornton Tools,Protein structure analysis (topic_2814)|Proteins (topic_0078),Protein architecture recognition (operation_2475),Protein structure (data_1460),,Protein structure report (data_1537),,doi: 10.1002/1097-0134(20001001)41:1<47::AID-PROT80>3.0.CO;2-8,http://www.ebi.ac.uk/thornton-srv/databases/pita/,http://www.ebi.ac.uk/about/terms-of-use,http://www.ebi.ac.uk/support/,Roman Laskowski (roman@ebi.ac.uk),Janet Thornton,R,C,Retiring
PomBase assembly converter,http://genomebrowser.pombase.org/tools.html,Map your data to the current assembly,EBI Tools|Ensembl Tools,Nucleic acids (topic_0077)|NGS (topic_3168),Read mapping (operation_3198),Genomic features (data_1276),GFF (format_2305)|GTF (format_2306)|BED (format_3003)|PSL (format_3007), ,GFF (format_2305),PMID:25361970,http://www.pombase.org/documentation,http://www.ebi.ac.uk/about/terms-of-use,helpdesk@pombase.org,Ensembl Genomes webteam (eg-webteam@ebi.ac.uk),Paul Kersey,GGV,B,Established
PomBase Blast,http://genomebrowser.pombase.org/tools.html,Searches PomBase sequences using BLAST,EBI Tools|Ensembl Tools,Sequence analysis (topic_0080)|Nucleic acids (topic_0077)|Proteins (topic_0078),Sequence similarity search (operation_0346),Sequences (data_2044),FASTA (format_1929),Sequence alignment (data_0863)|Sequence search results (data_0857), ,PMID:25414345,http://www.pombase.org/documentation,http://www.ebi.ac.uk/about/terms-of-use,helpdesk@pombase.org,Ensembl Genomes webteam (eg-webteam@ebi.ac.uk),Paul Kersey,GGV,B,Established
PomBase data slicer,http://genomebrowser.pombase.org/tools.html,Get a subset of data from a BAM | VCF,EBI Tools|Ensembl Tools,Data management (topic_3071)|NGS (topic_3168)|Nucleic acids (topic_0077),Sequence file editing (operation_2121),Sequence alignment (data_0863)|Sequence variations (data_3498)|Sequence coordinates (data_2012),BAM (format_2572)|VCF (format_3016), ,BAM (format_2572)|VCF (format_3016),PMID:25361971,http://www.pombase.org/documentation,http://www.ebi.ac.uk/about/terms-of-use,helpdesk@pombase.org,Ensembl Genomes webteam (eg-webteam@ebi.ac.uk),Paul Kersey,GGV,B,Established
PomBase Motif search,http://curation.pombase.org/cgi-bin/sanger_motif_search,Search PomBase protein set for a given motif,EBI Tools|Ensembl Tools,"Protein sites, features and motifs (topic_3510)|Sequence analysis (topic_0080)|Proteins (topic_0078) ",Sequence motif recognition (operation_0239),Regular expression (data_1352), ,Sequence search results (data_0857), ,PMID:25352549,http://www.pombase.org/documentation,http://www.ebi.ac.uk/about/terms-of-use,helpdesk@pombase.org,PomBase (helpdesk@pombase.org),Paul Kersey,GGV,B,Establsihed
PomBase VEP,http://genomebrowser.pombase.org/tools.html,Upload a set of SNPs in our standard format and export a file containing consequence types,EBI Tools|Ensembl Tools,Genetic variation (topic_0199)|Nucleic acids (topic_0077)|NGS (topic_3168),Variant classification (operation_3225),Sequence variations (data_3498),Ensembl variation file format (format_3499)|VCF (format_3016),Report (data_2048),Textual format (format_2330)|HTML (format_2331),PMID:25352546,http://www.pombase.org/documentation,http://www.ebi.ac.uk/about/terms-of-use,helpdesk@pombase.org,Ensembl Genomes webteam (eg-webteam@ebi.ac.uk),Paul Kersey,GGV,B,Established
PoreLogo,http://www.ebi.ac.uk/thornton-srv/software/PoreLogo/,Generates logo showing conservation of pore-lining residues in transmembrane protein structures,EBI Tools|Thornton Tools,Membrane and lipoproteins (topic_0820)|Sequence analysis (topic_0080)|Protein structure analysis (topic_2814)|Proteins (topic_0078),Transmembrane protein visualisation (operation_2241)|Visualisation(operation_0337),"PDB file, list of residues of interest (from PoreWalker)",PDB,Image of a protein,"Image (JPEG), FASTA sequence, PyMol script",PMID:19609355,http://www.ebi.ac.uk/thornton-srv/software/PoreLogo/readme_ml.txt,http://www.ebi.ac.uk/about/terms-of-use,http://www.ebi.ac.uk/support/,Roman Laskowski (roman@ebi.ac.uk),Janet Thornton,R,C,Established
PoreWalker,http://www.ebi.ac.uk/thornton-srv/software/PoreWalker/,Detects and characterises transmembrane protein channels from their 3D structure,EBI Tools|Thornton Tools,"Protein structure analysis (topic_2814)|Membrane and lipoproteins (topic_0820)|Proteins (topic_0078)
",Transmembrane protein visualisation (operation_2241),PDB File,PDB,Protein structure report + list of residues of interest,HTML,PMID:19609355,http://www.ebi.ac.uk/thornton-srv/software/PoreWalker/readme_ml.txt,http://www.ebi.ac.uk/about/terms-of-use,http://www.ebi.ac.uk/support/,Roman Laskowski (roman@ebi.ac.uk),Janet Thornton,R,C,Established
Pratt,http://www.ebi.ac.uk/Tools/pfa/pratt/,Discover patterns in unaligned protein sequences,EBI Tools,"Protein sites, features and motifs (topic_3510)|Sequence analysis (topic_0080)",Sequence motif discovery (operation_0238),Protein sequence (data_2976),,Sequence motif report (data_2762),,PMID:9367124,http://www.ebi.ac.uk/Tools/pfa/pratt/,http://www.ebi.ac.uk/about/terms-of-use,http://www.ebi.ac.uk/support/,Web Production (es-request@ebi.ac.uk),Tools Committee,T,A,Established
Probe and Primer Search,http://www.ebi.ac.uk/ipd/imgt/hla/probe.html,Search tool for generating probe and primer hit tables,EBI Tools,"Sequence analysis (topic_0080)|Immunoproteins, genes and antigens (topic_2830)|Nucleic acids (topic_0077)",Primer and probe design(operation_2419)|Sequence feature detection (operation_0253),Nucleic acid sequence (data_2977),Textual format (format_2330),Sequence search results (data_0857),xls (format_3468)|HTML (format_2331),PMID:25414341,http://www.ebi.ac.uk/ipd/imgt/hla/probe.html,http://www.ebi.ac.uk/about/terms-of-use,http://www.ebi.ac.uk/support/ipd.php,James Robinson (James.Robinson@anthonynolan.org),Andy Yates,GGV,B,Established
ProFunc,http://www.ebi.ac.uk/thornton-srv/databases/profunc,Protein function prediction,EBI Tools|Thornton Tools,Protein structure analysis (topic_2814)|Function analysis (topic_1775)|Proteins (topic_0078),Protein function prediction (operation_1777),Protein structure (data_1460),PDB (format_1476),Protein structure report (data_1537),HTML,PMID:15980588,http://www.ebi.ac.uk/thornton-srv/databases/cgi-bin/pdbsum/GetPage.pl?doc=TRUE&pdbcode=n/a&profunc=TRUE&template=doc_index.html,http://www.ebi.ac.uk/about/terms-of-use,roman@ebi.ac.uk,Roman Laskowski (roman@ebi.ac.uk),Janet Thornton,R,C,Established
PromoterWise,http://www.ebi.ac.uk/Tools/psa/promoterwise/,"Compare two DNA sequences allowing for inversions and translocations, ideal for promoters",EBI Tools,Sequence analysis (topic_0080)|Nucleic acids (topic_0077),Pairwise sequence alignment (operation_0491)|Local sequence alignment (operation_0495),DNA sequences (data_3494),"GCG, FASTA, EMBL, GenBank",Report (data_2048),blast report,PMID:23671338,http://www.ebi.ac.uk/Tools/psa/promoterwise/,http://www.ebi.ac.uk/about/terms-of-use,http://www.ebi.ac.uk/support/,Web Production (es-request@ebi.ac.uk),Andy Yates,T,B,Established
PROSITE Scan,http://www.ebi.ac.uk/Tools/pfa/ps_scan/,Scan a protein against PROSITE or HAMAP patterns and profiles ,EBI Tools,"Protein families (topic_0724)|Protein sites, features and motifs (topic_3510)|Proteins (topic_0078)",Protein sequence feature detection (operation_3087)|Sequence signature recognition (operation_0239),Protein sequence (data_2976),,Sequence signature matches (data_0858)|Protein features (data_1277),,,http://www.ebi.ac.uk/Tools/pfa/ps_scan/,http://www.ebi.ac.uk/about/terms-of-use,http://www.ebi.ac.uk/support/,Web Production (es-request@ebi.ac.uk),Rob Finn,T,B,Retiring
PSI-BLAST,http://www.ebi.ac.uk/Tools/sss/psiblast/,"Iterative protein sequence similarity search based on BLAST: search with a custom, position-specific, scoring matrix which can help find distant evolutionary relationships",EBI Tools,Sequence analysis (topic_0080)|Proteins (topic_0078),Sequence similarity search (operation_0346),Protein sequence (data_2976),,Sequence search results (data_0857)|PSSM (data_2854),,PMID:9254694,http://www.ebi.ac.uk/Tools/sss/psiblast/,http://www.ebi.ac.uk/about/terms-of-use,http://www.ebi.ac.uk/support/,Web Production (es-request@ebi.ac.uk),Tools Committee,T,A,Established
PSI-MI Validator,http://www.ebi.ac.uk/intact/validator/start.xhtml,"Validate files in PSI-MI XML 2.5 and PSI-PAR format, and generate a table with error messages",EBI Tools,Data management (topic_3071)|Protein interactions (topic_0128)|Proteins (topic_0078),Format validation (operation_0336),Protein interaction report (data_0906),PSI MI XML (MIF) (format_3158)|PSI-PAR (format_3243),Report (data_2048),HTML (format_2331),PMID:19834897,http://www.ebi.ac.uk/intact/validator/start.xhtml,http://www.ebi.ac.uk/about/terms-of-use,intact-help@ebi.ac.uk,Maximilian (mkoch@ebi.ac.uk),Sandra Orchard,Molecular Systems,B,Established
PSI-Search,http://www.ebi.ac.uk/Tools/sss/psisearch/,Iterative protein sequence similarity search based on Smith & Waterman algorithm with PSI-BLAST profile construction : find distantly related protein sequences ,EBI Tools,Sequence analysis (topic_0080)|Proteins (topic_0078),Sequence similarity search (operation_0346),Protein sequence (data_2976),,Sequence search results (data_0857)|PSSM (data_2854),,PMCID:22539666,http://www.ebi.ac.uk/Tools/sss/psisearch/,http://www.ebi.ac.uk/about/terms-of-use,http://www.ebi.ac.uk/support/,Web Production (es-request@ebi.ac.uk),Rodrigo Lopez,TSC,C,Established
Protein2Go,http://www.ebi.ac.uk/internal-tools/protein2go/,"Curation tool, allows users to query existing, and create new GO annotations.",,"Data submission, annotation and curation (topic_0219)|Ontology and terminology (topic_0089)|",Query and retrieval (operation_0224)|Annotation (operation_0226)|Deposition (operation_3431),,"DOI, PubMed ID, UniProt accesion, RNAcentral ID* (taxon specific only), IntAct complex ID",new annotation in database,,,,,,,,,,
R Cloud Workbench,http://www.ebi.ac.uk/Tools/rcloud/,Workbench for remote access to R/Bioconductor on EBI's cluster,EBI Tools,Statistics (topic_2269)|Sequence analysis (topic_0080)|Nucleic acids (topic_0077),Statistical calculation (operation_2238),,,,,http://f1000research.com/posters/328 - no publication with a PMCID/DOI,http://www.ebi.ac.uk/Tools/rcloud/quick_start.html,http://www.ebi.ac.uk/about/terms-of-use,andrew@ebi.ac.uk,Andrew Tikhonov (andrew@ebi.ac.uk),Ugis Sarkans,Molecular Atlas,B,Established
RADAR,http://www.ebi.ac.uk/Tools/pfa/radar/,Identify gapped approximate repeats and complex repeat architectures involving many different types of repeats,EBI Tools,"Sequence composition, complexity and repeats (topic_0157)|Proteins (topic_0078) ",Repeat sequence detection (operation_0379),Protein sequence (data_2976),,Protein features (data_1277),,PMID:10966575,http://www.ebi.ac.uk/Tools/pfa/radar/,http://www.ebi.ac.uk/about/terms-of-use,http://www.ebi.ac.uk/support/,Web Production (es-request@ebi.ac.uk),Tools Committee,T,A,Established
Reactome Pathways Analysis,http://www.reactome.org/PathwayBrowser/#TOOL=AT,"single data analysis service comprising pathway identifier mapping, overrepresentation and expression analysis tools",EBI Tools|Reactome Tools,Proteins (topic_0078)|Small molecules (topic_0154)|Data visualisation (topic_0092)|Function analysis (topic_1775)|Statistics (topic_2269),ID mapping (operation_3282)|Query and retrieval (operation_0224)|Database search (operation_2421)|Format validation (operation_0336)|Gene expression data analysis (operation_2495)|Statistical calculation (operation_2238),Plain text (?),"TSV,CSV",JSON,,PMID:26656494,http://www.reactome.org/pages/documentation/,http://www.reactome.org/pages/about/license-agreement/,help@reactome.org,Antonio Fabregat Mundo (fabregat@ebi.ac.uk),Henning Hermjakob,Molecular Systems,B,Established
Rfam search,http://rfam.xfam.org/search,Search of Rfam's covariance model collection,EBI Tools,"Functional, regulatory and non-coding RNA (topic_0659)|Sequence analysis (topic_0080)",Sequence similarity search (operation_0346),Nucleic acid sequence (data_2977),FASTA,Sequence search results (data_0857),HTML / GFF/ XML / JSON / TSV ,PMID:25392425,http://rfam.xfam.org/help,http://www.ebi.ac.uk/about/terms-of-use,rfam-help@ebi.ac.uk,Rfam group (rfam-help@ebi.ac.uk),Rob Finn,GGV,B,Established
SAPS,http://www.ebi.ac.uk/Tools/seqstats/saps/,"SAPS (statistical analysis of protein sequences) lets you evaluate protein sequence properties using statistics, including compositional biases, clusters and runs of amino acid properties, repetitive structures, motifs etc",EBI Tools,"Protein properties (topic_0123)|Sequence composition, complexity and repeats (topic_0157)|Protein sites, features and motifs (topic_3510)|Proteins (topic_0078)",Protein property calculation (operation_0250)|Sequence composition calculation (operation_0236)|Protein sequence feature detection (operation_3087),Protein sequence (data_2976),,Protein properties (data_0897)|Sequence composition report (data_1261),,PMID:1549558,http://www.ebi.ac.uk/Tools/seqstats/saps/,http://www.ebi.ac.uk/about/terms-of-use,http://www.ebi.ac.uk/support/,Web Production (es-request@ebi.ac.uk),Tools Committee,T,A,Established
SAS,http://www.ebi.ac.uk/thornton-srv/databases/sas,Annotation of protein sequence with structural info from similar proteins in the PDB,EBI Tools|Thornton Tools,"Protein sites, features and motifs (topic_3510)|Protein structure analysis (topic_2814)|Proteins (topic_0078)",Sequence similarity search (operation_0346)|Protein sequence feature detection (operation_3087),Protein sequence (data_2976),,Sequence alignment (data_0863)|Protein features (data_1277),HTML,PMID:9862203,http://www.ebi.ac.uk/thornton-srv/databases/sas,http://www.ebi.ac.uk/about/terms-of-use,roman@ebi.ac.uk,Roman Laskowski (roman@ebi.ac.uk),Janet Thornton,R,C,Established
Scorecons,http://www.ebi.ac.uk/thornton-srv/databases/cgi-bin/valdar/scorecons_server.pl,Scores residue conservation based on a given multiple sequence alignment,EBI Tools|Thornton Tools,Sequence analysis (topic_0080)|Proteins (topic_0078),Sequence alignment analysis (conservation) (operation_0448),Protein sequence alignment,"FASTA, PIR",Report,Text,PMID:12112692,http://www.ebi.ac.uk/thornton-srv/databases/valdarprograms/scorecons_server_help.html,http://www.ebi.ac.uk/about/terms-of-use,http://www.ebi.ac.uk/support/,Roman Laskowski (roman@ebi.ac.uk),Janet Thornton,R,C,Established
SeqCksum,http://www.ebi.ac.uk/Tools/so/seqcksum/,Generation of checksums for protein and nucleotide sequences,EBI Tools,Data management (topic_3071)|Proteins (topic_0078)|Nucleic acids (topic_0077),Sequence checksum generation (operation_3348),Sequence (data_2044),,Sequence checksum (data_2190),,,http://www.ebi.ac.uk/Tools/so/seqcksum/,http://www.ebi.ac.uk/about/terms-of-use,http://www.ebi.ac.uk/support/,Web Production (es-request@ebi.ac.uk),Tools Committee,T,A,Established
Sequence Alignments,http://www.ebi.ac.uk/ipd/imgt/hla/align.html,Interactive sequence alignment tool with help page available,EBI Tools,"Sequence analysis (topic_0080)|Immunoproteins, genes and antigens (topic_2830)|Proteins (topic_0078)|Nucleic acids (topic_0077)",Multiple sequence alignment (operation_0492)|Sequence alignment visualisation (operation_0565)|Visualisation(operation_0337),Parameters (data_2527),Textual format (format_2330),Sequence alignment (data_0863),HTML (format_2331),PMID:25414341 ,http://www.ebi.ac.uk/ipd/imgt/hla/align.html,http://www.ebi.ac.uk/about/terms-of-use,http://www.ebi.ac.uk/support/ipd.php,James Robinson (James.Robinson@anthonynolan.org),Andy Yates,GGV,B,Established
Small Molecule Search,http://www.reactome.org/cgi-bin/small_molecule_search?DB=gk_current,"Launch a search in the ChEBI database of small molecules (used by RHEA, Reactome)",EBI Tools|ChEBI Tools,Cheminformatics (topic_2258),Structure databases search (operation_0339),Chemical structure sketch (data_3490),,Chemical structure report (data_0962),,PMID:22135291,http://www.ebi.ac.uk/chebi/userManualForward.do#Advanced%20Search,http://www.ebi.ac.uk/about/terms-of-use,chebi-help@ebi.ac.uk,Adriano | Venkat,Christoph Steinbeck,Chemistry and Molecular Resources Cluster,B,Established
SpeckTackle,http://www.ebi.ac.uk/metabolights/reference,"NMR and MS spectra viewer, used in MetaboLights metabolite pages ",,,,,,,,,documentation tab on same resource URL,,pmoreno@ebi.ac.uk,Pablo Moreno,Christoph Steinbeck,Chemistry and Molecular Resources Cluster,C,Young
SPIN,https://www.ebi.ac.uk/swissprot/Submissions/spin/,Submit protein sequences,EBI Tools|UniProt Tools,"Data submission, annotation and curation (topic_0219)|Proteins (topic_0078)",Data submission (operation_3431),Protein sequences (data_2976),,Protein sequence record (data_2886),,doi:10.1038/npre.2009.3120.1,https://www.ebi.ac.uk/swissprot/Submissions/spin/help,http://www.ebi.ac.uk/about/terms-of-use,"http://www.ebi.ac.uk/support/,http://www.uniprot.org/contact",Ricardo Antunes,Maria Martin,PPF,B,Established
SurvCurv - Analyse data,https://www.ebi.ac.uk/thornton-srv/databases/SurvCurv/analyse.php,Survival and other incident curves,EBI Tools|Thornton Tools,Statistics (topic_2269),Incident curve plotting (operation_3503),Survival data,tsv,Survival curve,HTML,PMID:26249811 ,https://www.ebi.ac.uk/thornton-srv/databases/SurvCurv/analyse.php,http://www.ebi.ac.uk/about/terms-of-use,http://www.ebi.ac.uk/support/,Roman Laskowski (roman@ebi.ac.uk),Janet Thornton,R,C,Established
Sylarray,http://www.ebi.ac.uk/enright-srv/sylarray/,SylArray is a web-based analysis resource designed to examine influence of small RNAs on expression profiles,EBI Tools,"Functional, regulatory and non-coding RNA (topic_0659)|Gene expression (topic_0203)|NGS (topic_3168)",Gene expression data analysis (operation_2495),,,,,PMID:20871108,http://www.ebi.ac.uk/enright-srv/sylarray/FAQ.html,http://www.ebi.ac.uk/about/terms-of-use,http://www.ebi.ac.uk/support/,Anton Enright (aje@ebi.ac.uk),Anton Enright,R,C,Established
T-COFFEE,http://www.ebi.ac.uk/Tools/msa/tcoffee/,Multiple sequence alignment that combines several alignment methods,EBI Tools,Sequence analysis (topic_0080)|Proteins (topic_0078)|Nucleic acids (topic_0077),Multiple sequence alignment (operation_0492),Sequences (data_2044),,Sequence alignment (data_0863),,PMID:21979275,http://www.ebi.ac.uk/Tools/msa/tcoffee/,http://www.ebi.ac.uk/about/terms-of-use,http://www.ebi.ac.uk/support/,Web Production (es-request@ebi.ac.uk),Tools Committee,T,A,Established
Transcription-Factor DNA motif prediction,http://www.ebi.ac.uk/saezrodriguez-srv/d5c2/cgi-bin/TF_web.pl,Web site desgined to accompany paper related to DREAM5 challenge,EBI Tools,"Nucleic acid sites, features and motifs (topic_3511)|Gene expression (topic_0203)|Nucleic acids (topic_0077)",Transcription factor binding site prediction (operation_0445),,,,,PMID:23354101,http://www.ebi.ac.uk/saezrodriguez-srv/d5c2/cgi-bin/TF_web.pl,http://www.ebi.ac.uk/about/terms-of-use,rnorel@us.ibm.com,Rachel Norel (rnorel@us.ibm.com)|Thomas Cokelaer (cokelaer@ebi.ac.uk),Julio Saez-Rodriguez,R,C,Established
TreeFam search,http://www.treefam.org/search,"Search of TreeFam's HMM collection, allows query sequence to be aligned (MAFFT) and inserted into tree (RAxML) to significantly matching models",EBI Tools,Sequence analysis (topic_0080)|Phylogeny (topic_0084)|Protein families (topic_0724)|Proteins (topic_0078),Sequence signature recognition (operation_0239)|Phylogenetic tree editing (operation_0326)|Query and retrieval (operation_0224),Protein sequence (data_2976),,Sequence signature matches (data_0858),,PMID:24194607 ,http://www.treefam.org/help,http://www.ebi.ac.uk/about/terms-of-use,https://treefam.tenderapp.com/,Andy Yates (ayates@ebi.ac.uk),"
Paul Flicek/Bromwen Aken
",GGV,B,Young
UniProt Align,http://www.uniprot.org/align,Multiple sequence alignment,EBI Tools|UniProt Tools,Sequence analysis (topic_0080)|Proteins (topic_0078),Multiple sequence alignment (operation_0492),,,Sequence alignment (data_0863),,PMID:21988835,http://www.uniprot.org/help/sequence-alignments,http://www.ebi.ac.uk/about/terms-of-use,http://www.uniprot.org/contact,Xavier Watkins (watkins@ebi.ac.uk),Maria Martin,PPF,B,Established
UniProt BLAST,http://www.uniprot.org/blast/,Search UniProt sequences with BLAST,EBI Tools|UniProt Tools,Sequence analysis (topic_0080)|Proteins (topic_0078),Sequence similarity search (operation_0346),Protein sequence (data_2976),,Sequence search results (data_0857),,PMID:25845596,http://www.uniprot.org/help/sequence-searches,http://www.ebi.ac.uk/about/terms-of-use,http://www.uniprot.org/contact,Xavier Watkins (watkins@ebi.ac.uk),Maria Martin,PPF,B,Established
UniProt ID Mapping ,http://www.uniprot.org/mapping/,Maps identifiers to or from UniProtKB,EBI Tools|UniProt Tools,Data identity and mapping (topic_3345),ID mapping (operation_3282),,,,,PMID:21478197,http://www.uniprot.org/help/uploadlists,http://www.uniprot.org/help/license,http://www.uniprot.org/contact,Xavier Watkins (watkins@ebi.ac.uk),Maria Martin,PPF,B,Established
Variant Effect Predictor,http://www.ensembl.org/Multi/Tools/VEP,Analyse your own variants and predict the functional consequences of known and unknown variants,EBI tools|Ensembl Tools,Genetic variation (topic_0199)|Function analysis (topic_1775)|Proteins (topic_0078)|Nucleic acids (topic_0077)|NGS (topic_3168),Variant classification (operation_3225),Sequence variations (data_3498),VCF (format_3016)|pileup (format_3015)|Ensembl variation file format (format_3499),Report (data_2048),CSV (format_3475)|xls (format_3468)|VCF (format_3016)|HTML (format_2331),PMID:20562413,http://www.ensembl.org/info/docs/tools/vep/index.html,http://www.ebi.ac.uk/about/terms-of-use,http://www.ensembl.org/Help/Contact,Andrew Yates (ayates@ebi.ac.uk),Andy Yates,GGV,B,Established
webPRANK,http://www.ebi.ac.uk/goldman-srv/webprank/,Multiple sequence alignment tool,EBI Tools|Goldman Tools,Sequence analysis (topic_0080)|Proteins (topic_0078)|Nucleic acids (topic_0077),Multiple sequence alignment (operation_0492),Sequences (data_2044),FASTA (format_1929),Sequence alignment (data_0863),,PMID:21110866,http://www.ebi.ac.uk/goldman-srv/webprank/,http://www.ebi.ac.uk/about/terms-of-use,webprank@ebi.ac.uk,Ari Loytynoja (ari.loytynoja@helsinki.fi),Nick Goldman,R,C,Established
Webulous,http://www.ebi.ac.uk/spot/webulous/,"Webulous is an application suite for collaborative ontology development, designed to support authoring ontologies by populating ontology design patterns through simple user interfaces.",,,,,,,,paper under review,http://www.ebi.ac.uk/spot/webulous/docs,http://www.apache.org/licenses/LICENSE-2.0,http://www.ebi.ac.uk/support/,Simon Jupp (jupp@ebi.ac.uk),Helen Parkinson,Cross-domain,B,Young
Whatizit,http://www.ebi.ac.uk/webservices/whatizit/info.jsf,Whatizit is a text processing system that allows you to do textmining tasks on text. Whatizit is great at identifying molecular biology terms and linking them to publicly available databases,EBI Tools|Europe PMC Tools,Literature and reference (topic_3068),Text mining (operation_0306)|ID mapping (operation_3282),Text (data_3671),,"Text mining report (data_0972)

",HTML|XML,PMID:18006544,http://www.ebi.ac.uk/webservices/whatizit/info.jsf,http://www.ebi.ac.uk/about/terms-of-use,helpdesk@europepmc.org,Jee-Hyub Kim (jhkim@ebi.ac.uk),Jo McEntyre,Cross Domain,B,Retiring
Wise2DBA,http://www.ebi.ac.uk/Tools/psa/wise2dba/,Align two sequences assuming the sequences share colinear conserved blocks separated by gaps,EBI Tools,Sequence analysis (topic_0080)|Proteins (topic_0078)|Nucleic acids (topic_0077),Pairwise sequence alignment (operation_0491)|Local sequence alignment (operation_0495),Nucleic acid sequences (data_2977),"GCG, FASTA, EMBL, GenBank",Sequence alignment (nucleic acid pair) (data_1386),Textual format (format_2330),PMID:23671338,http://www.ebi.ac.uk/Tools/psa/wise2dba/,http://www.ebi.ac.uk/about/terms-of-use,http://www.ebi.ac.uk/support/,Web Production (es-request@ebi.ac.uk),Andy Yates,T,B,Established
Zooma,http://www.ebi.ac.uk/spot/zooma/,"Zooma is a curator environment for discovering optimal ontology annotations based on real, manually reviewed data.",EBI Tools|Parkinson Tools,"Ontology and terminology (topic_0089)|Data submission, annotation and curation (topic_0219)",Annotation (operation_0226),Terms (data_0968),,Ontology mapping (data_3509),,unpublished,http://www.ebi.ac.uk/spot/zooma/docs/,http://www.apache.org/licenses/LICENSE-2.0,http://www.ebi.ac.uk/support/,Tony Burdett (tburdett@ebi.ac.uk),Helen Parkinson,Cross-domain,B,Established
PKS Predictor,http://wwwdev.ebi.ac.uk/metabolights/trans-AT-PKS/,Predicts trans-AT PK derived Polyketide structures based on provided sequence of PKS.,,,,,,,,PMID:25984241,https://bitbucket.org/sbeisken/specktackle,https://bitbucket.org/sbeisken/specktackle/src/e2cfb3f9d6730b0292b67fc425366975ff3495ec/license.txt?at=master&fileviewer=file-view-default,metabolights-help@ebi.ac.uk,"Kenneth Haug, Venkata Chandrasekhar",Christoph Steinbeck,Chemistry and Molecular Resources Cluster,C,Established
Skylign,http://skylign.org,Produce a logo of multiple sequence alignment or HMMER3 profile HMM,EBI Tools,Sequence analysis (topic_0080)|Proteins (topic_0078)|Nucleic acids (topic_0077),Sequence alignment visualtisation (operation_0565),Sequence alignment (data_0863)|Sequence profile (data_1354),A2M | aligned FASTA | Clustal (all) | PHYLIP | PHYLIPS | PSI-BLAST | SELEX | STOCKHOLM | HMMER3 profile hidden Markov model,Image (data_2968),PNG | HTML | SVG | JSON,PMID:24410852,http://skylign.org/help,http://www.ebi.ac.uk/about/terms-of-use,,Protein Families Team (pf-team@ebi.ac.uk),Rob Finn,PPF,C,Young
HMMER,http://www.ebi.ac.uk/Tools/hmmer,Search a protein against either HMM or protein sequence database,EBI Tools,"Sequence analysis (topic_0080)|Protein families (topic_0724)|Protein sites, features and motifs (topic_3510)|Proteins (topic_0078)",Sequence similarity search (operation_0346)|Function analysis (topic_1775),Sequence alignment (data_0863)|Sequence profile (data_1354)|Sequence (data_2044),A2M | aligned FASTA | Clustal (all) | PHYLIP | PHYLIPS | PSI-BLAST | SELEX | STOCKHOLM | HMMER3 profile hidden Markov model | unaligned FASTA,Sequence alignment (data_0863)|Sequence profile (data_1354)|Sequence (data_2044),A2M | aligned FASTA | Clustal (all) | PHYLIP | PSI-BLAST | STOCKHOLM | HMMER3 profile hidden Markov model | unaligned FASTA | JSON | XML | TSV | HTML,PMID:25943547,http://www.ebi.ac.uk/Tools/hmmer/help,http://www.ebi.ac.uk/about/terms-of-use,hmmer-help@ebi.ac.uk,Protein Families Team (pf-team@ebi.ac.uk),Rob Finn,PPF,B,Young - Established